SET IDENTITY_INSERT IFRS_TIPO_CUADRO ON;
go
Insert into IFRS_TIPO_CUADRO (ID_TIPO_CUADRO,NOMBRE,TITULO) values ('1','NOTA','Notas');
Insert into IFRS_TIPO_CUADRO (ID_TIPO_CUADRO,NOMBRE,TITULO) values ('2','CUADRO TECNICO','Cuadros Técnicos');
go
DBCC CHECKIDENT (IFRS_TIPO_CUADRO, RESEED, 2);
go
SET IDENTITY_INSERT IFRS_TIPO_CUADRO OFF;


SET IDENTITY_INSERT IFRS_TIPO_CELDA ON;
go
Insert into IFRS_TIPO_CELDA (ID_TIPO_CELDA, NOMBRE) Values   (0, 'TEXTO');
Insert into IFRS_TIPO_CELDA (ID_TIPO_CELDA, NOMBRE) Values   (1, 'NUMERO');
Insert into IFRS_TIPO_CELDA (ID_TIPO_CELDA, NOMBRE) Values   (2, 'TITULO');
Insert into IFRS_TIPO_CELDA (ID_TIPO_CELDA, NOMBRE) Values   (3, 'LINK');
Insert into IFRS_TIPO_CELDA (ID_TIPO_CELDA, NOMBRE) Values   (4, 'TOTAL');
Insert into IFRS_TIPO_CELDA (ID_TIPO_CELDA, NOMBRE) Values   (5, 'SUBTOTAL');
Insert into IFRS_TIPO_CELDA (ID_TIPO_CELDA, NOMBRE) Values   (6, 'TEXTO EDITABLE');
Insert into IFRS_TIPO_CELDA (ID_TIPO_CELDA, NOMBRE) Values   (7, 'RUT');
go
DBCC CHECKIDENT (IFRS_TIPO_CELDA, RESEED, 7);
go
SET IDENTITY_INSERT IFRS_TIPO_CELDA OFF;


SET IDENTITY_INSERT IFRS_TIPO_DATO ON;
go
Insert into IFRS_TIPO_DATO   (ID_TIPO_DATO, NOMBRE, NOMBRE_CLASE) Values   (0, 'TEXTO', 'java.lang.String');
Insert into IFRS_TIPO_DATO   (ID_TIPO_DATO, NOMBRE, NOMBRE_CLASE) Values   (1, 'FECHA', 'java.util.Date');
Insert into IFRS_TIPO_DATO   (ID_TIPO_DATO, NOMBRE, NOMBRE_CLASE) Values   (2, 'ENTERO', 'java.lang.Long');
Insert into IFRS_TIPO_DATO   (ID_TIPO_DATO, NOMBRE, NOMBRE_CLASE) Values   (3, 'DECIMAL', 'java.math.BigDecimal');
go
DBCC CHECKIDENT (IFRS_TIPO_DATO, RESEED, 3);
go
SET IDENTITY_INSERT IFRS_TIPO_DATO OFF;


SET IDENTITY_INSERT IFRS_TIPO_ESTRUCTURA ON;
go
Insert into IFRS_TIPO_ESTRUCTURA   (ID_TIPO_ESTRUCTURA, NOMBRE) Values (0, 'GRILLA');
Insert into IFRS_TIPO_ESTRUCTURA   (ID_TIPO_ESTRUCTURA, NOMBRE) Values   (1, 'HTML');
Insert into IFRS_TIPO_ESTRUCTURA   (ID_TIPO_ESTRUCTURA, NOMBRE) Values   (2, 'TEXTO');
go
DBCC CHECKIDENT (IFRS_TIPO_ESTRUCTURA, RESEED, 2);
go
SET IDENTITY_INSERT IFRS_TIPO_ESTRUCTURA OFF;


Insert into IFRS_TIPO_ESTADO_EEFF (ID_ESTADO_EEFF, NOMBRE, VIGENTE) Values   (1, 'INGRESADO', 1);


SET IDENTITY_INSERT IFRS_ESTADO_PERIODO ON;
go
Insert into IFRS_ESTADO_PERIODO (ID_ESTADO_PERIODO,NOMBRE) values ('0','INICIADO');
Insert into IFRS_ESTADO_PERIODO (ID_ESTADO_PERIODO,NOMBRE) values ('1','CERRADO');
Insert into IFRS_ESTADO_PERIODO (ID_ESTADO_PERIODO,NOMBRE) values ('2','CONTINGENCIA');
go
DBCC CHECKIDENT (IFRS_ESTADO_PERIODO, RESEED, 2);
go
SET IDENTITY_INSERT IFRS_ESTADO_PERIODO OFF;


SET IDENTITY_INSERT IFRS_ESTADO_CUADRO ON;
go
Insert into IFRS_ESTADO_CUADRO (ID_ESTADO_CUADRO,NOMBRE) values ('0','INICIADO');
Insert into IFRS_ESTADO_CUADRO (ID_ESTADO_CUADRO,NOMBRE) values ('1','MODIFICADO');
Insert into IFRS_ESTADO_CUADRO (ID_ESTADO_CUADRO,NOMBRE) values ('2','POR APROBAR');
Insert into IFRS_ESTADO_CUADRO (ID_ESTADO_CUADRO,NOMBRE) values ('3','APROBADO');
Insert into IFRS_ESTADO_CUADRO (ID_ESTADO_CUADRO,NOMBRE) values ('4','CERRADO');
Insert into IFRS_ESTADO_CUADRO (ID_ESTADO_CUADRO,NOMBRE) values ('5','CONTINGENCIA');
go
DBCC CHECKIDENT (IFRS_ESTADO_CUADRO, RESEED, 5);
go
SET IDENTITY_INSERT IFRS_ESTADO_CUADRO OFF;



Insert into IFRS_MENU (ID_MENU,NOMBRE,ESTADO,GRUPO,URL_MENU,ES_PADRE,ORDEN) values ('3','Configuración','1','3','#','1','200');
Insert into IFRS_MENU (ID_MENU,NOMBRE,ESTADO,GRUPO,URL_MENU,ES_PADRE,ORDEN) values ('31','Configuración y Diseñador de Cuadros','1','3','/pages/disenador/principal.jsf','0','201');
Insert into IFRS_MENU (ID_MENU,NOMBRE,ESTADO,GRUPO,URL_MENU,ES_PADRE,ORDEN) values ('32','Configurador de Fórmulas','1','3','/pages/mantenedores/mantenedor-formula.jsf','0','202');
Insert into IFRS_MENU (ID_MENU,NOMBRE,ESTADO,GRUPO,URL_MENU,ES_PADRE,ORDEN) values ('6','Estados Financieros','1','6','#','1','300');
Insert into IFRS_MENU (ID_MENU,NOMBRE,ESTADO,GRUPO,URL_MENU,ES_PADRE,ORDEN) values ('61','Mapeador','1','6','/pages/eeff/validador-eeff.jsf','0','301');
Insert into IFRS_MENU (ID_MENU,NOMBRE,ESTADO,GRUPO,URL_MENU,ES_PADRE,ORDEN) values ('62','Cargador','1','6','/pages/eeff/cargador-eeff.jsf','0','302');
Insert into IFRS_MENU (ID_MENU,NOMBRE,ESTADO,GRUPO,URL_MENU,ES_PADRE,ORDEN) values ('63','Visualizador','1','6','/pages/eeff/visualizador-eeff.jsf','0','303');
Insert into IFRS_MENU (ID_MENU,NOMBRE,ESTADO,GRUPO,URL_MENU,ES_PADRE,ORDEN) values ('7','XBRL','1','7','#','1','350');
Insert into IFRS_MENU (ID_MENU,NOMBRE,ESTADO,GRUPO,URL_MENU,ES_PADRE,ORDEN) values ('71','Navegador de Taxonomías','1','7','/pages/xbrl/navegador-taxonomia.jsf','0','351');
Insert into IFRS_MENU (ID_MENU,NOMBRE,ESTADO,GRUPO,URL_MENU,ES_PADRE,ORDEN) values ('72','Mantenedor de Taxonomías','1','7','/pages/xbrl/mantenedor-taxonomia.jsf','0','352');
Insert into IFRS_MENU (ID_MENU,NOMBRE,ESTADO,GRUPO,URL_MENU,ES_PADRE,ORDEN) values ('1','Período','1','1','#','1','400');
Insert into IFRS_MENU (ID_MENU,NOMBRE,ESTADO,GRUPO,URL_MENU,ES_PADRE,ORDEN) values ('11','Abrir Período','1','1','/pages/periodo/abrir-periodo.jsf','0','401');
Insert into IFRS_MENU (ID_MENU,NOMBRE,ESTADO,GRUPO,URL_MENU,ES_PADRE,ORDEN) values ('12','Cerrar Período','1','1','/pages/periodo/cerrar-periodo.jsf','0','402');
Insert into IFRS_MENU (ID_MENU,NOMBRE,ESTADO,GRUPO,URL_MENU,ES_PADRE,ORDEN) values ('8','Workflow de Aprobación','1','8','#','1','500');
Insert into IFRS_MENU (ID_MENU,NOMBRE,ESTADO,GRUPO,URL_MENU,ES_PADRE,ORDEN) values ('81','Flujo','1','8','/pages/aprobacion/flujo-aprobacion.jsf','0','501');
Insert into IFRS_MENU (ID_MENU,NOMBRE,ESTADO,GRUPO,URL_MENU,ES_PADRE,ORDEN) values ('4','Perfilamiento','1','4','#','1','600');
Insert into IFRS_MENU (ID_MENU,NOMBRE,ESTADO,GRUPO,URL_MENU,ES_PADRE,ORDEN) values ('41','Usuario por Grupo','1','4','/pages/perfilamiento/usuario-por-grupo.jsf','0','601');
Insert into IFRS_MENU (ID_MENU,NOMBRE,ESTADO,GRUPO,URL_MENU,ES_PADRE,ORDEN) values ('42','Revelaciones por Grupo','1','4','/pages/perfilamiento/estructura-por-grupo.jsf','0','602');
Insert into IFRS_MENU (ID_MENU,NOMBRE,ESTADO,GRUPO,URL_MENU,ES_PADRE,ORDEN) values ('43','Menú de acceso por Grupo','1','4','/pages/perfilamiento/menu-por-grupo.jsf','0','603');
Insert into IFRS_MENU (ID_MENU,NOMBRE,ESTADO,GRUPO,URL_MENU,ES_PADRE,ORDEN) values ('44','Bloqueo de ingreso de Información','1','4','/pages/perfilamiento/bloqueo-por-grupo.jsf','0','604');
Insert into IFRS_MENU (ID_MENU,NOMBRE,ESTADO,GRUPO,URL_MENU,ES_PADRE,ORDEN) values ('45','Grupo por Empresa','1','4','/pages/perfilamiento/grupo-por-empresa.jsf','0','605');
Insert into IFRS_MENU (ID_MENU,NOMBRE,ESTADO,GRUPO,URL_MENU,ES_PADRE,ORDEN) values ('46','Administración de Usuarios','1','4','/pages/perfilamiento/administracion-de-usuario.jsf','0','606');
Insert into IFRS_MENU (ID_MENU,NOMBRE,ESTADO,GRUPO,URL_MENU,ES_PADRE,ORDEN) values ('5','Reportes','1','5','#','1','700');
Insert into IFRS_MENU (ID_MENU,NOMBRE,ESTADO,GRUPO,URL_MENU,ES_PADRE,ORDEN) values ('51','Exportar a MS Word y Ms Excel','1','5','/pages/reportes/exportar-cuadro.jsf','0','701');
Insert into IFRS_MENU (ID_MENU,NOMBRE,ESTADO,GRUPO,URL_MENU,ES_PADRE,ORDEN) values ('52','Historial de Generación de Reportes MS Word','1','5','/pages/reportes/historial-reporte.jsf','0','702');
Insert into IFRS_MENU (ID_MENU,NOMBRE,ESTADO,GRUPO,URL_MENU,ES_PADRE,ORDEN) values ('2','Mantenedores','1','2','#','1','800');
Insert into IFRS_MENU (ID_MENU,NOMBRE,ESTADO,GRUPO,URL_MENU,ES_PADRE,ORDEN) values ('22','Áreas de Negocio','1','2','/pages/mantenedores/area-negocio.jsf','0','803');
Insert into IFRS_MENU (ID_MENU,NOMBRE,ESTADO,GRUPO,URL_MENU,ES_PADRE,ORDEN) values ('23','Grupos de Usuario','1','2','/pages/mantenedores/grupo.jsf','0','804');
Insert into IFRS_MENU (ID_MENU,NOMBRE,ESTADO,GRUPO,URL_MENU,ES_PADRE,ORDEN) values ('24','Catálogo de Revelaciones','1','2','/pages/mantenedores/ingreso-nota.jsf','0','802');
Insert into IFRS_MENU (ID_MENU,NOMBRE,ESTADO,GRUPO,URL_MENU,ES_PADRE,ORDEN) values ('25','Tipo Revelación','1','2','/pages/mantenedores/tipo-cuadro.jsf','0','801');
insert into ifrs_menu (ID_MENU,NOMBRE,ESTADO,GRUPO,URL_MENU,ES_PADRE,ORDEN)values ('64', 'Cargador FECU',1,6,'/pages/eeff/cargador-fecu.jsf',0,304);
insert into ifrs_menu (ID_MENU,NOMBRE,ESTADO,GRUPO,URL_MENU,ES_PADRE,ORDEN)values ('65', 'Cargador Cuentas',1,6,'/pages/eeff/cargador-cuenta.jsf',0,305);


Insert into IFRS_EMPRESA (ID_RUT, DV, NOMBRE, RAZON_SOCIAL, GIRO) Values (99003000, '6', 'Compañia De Seguros De Vida Camara S.A.', 'Compañía de Seguros de Vida Cámara S.A.', 'SEGUROS');



SET IDENTITY_INSERT IFRS_CATALOGO ON;
go
Insert into IFRS_CATALOGO (ID_CATALOGO,RUT, NOMBRE,TITULO,ORDEN,VIGENCIA,ID_TIPO_CUADRO,IMPRESION_HORIZONTAL,VALIDAR_EEFF) VALUES (	1	,	99003000	,	'Nota 1'	,	'Nota 1 - Entidad que Reporta'	,	10	,	1	,	1	,	null	,	0	);
Insert into IFRS_CATALOGO (ID_CATALOGO,RUT, NOMBRE,TITULO,ORDEN,VIGENCIA,ID_TIPO_CUADRO,IMPRESION_HORIZONTAL,VALIDAR_EEFF) VALUES (	2	,	99003000	,	'Nota 2'	,	'Nota 2 - Bases de Preparación'	,	20	,	1	,	1	,	null	,	0	);
Insert into IFRS_CATALOGO (ID_CATALOGO,RUT, NOMBRE,TITULO,ORDEN,VIGENCIA,ID_TIPO_CUADRO,IMPRESION_HORIZONTAL,VALIDAR_EEFF) VALUES (	3	,	99003000	,	'Nota 3'	,	'Nota 3 - Políticas Contables'	,	30	,	1	,	1	,	null	,	0	);
Insert into IFRS_CATALOGO (ID_CATALOGO,RUT, NOMBRE,TITULO,ORDEN,VIGENCIA,ID_TIPO_CUADRO,IMPRESION_HORIZONTAL,VALIDAR_EEFF) VALUES (	4	,	99003000	,	'Nota 4'	,	'Nota 4 - Políticas Contables Significativas'	,	40	,	1	,	1	,	null	,	0	);
Insert into IFRS_CATALOGO (ID_CATALOGO,RUT, NOMBRE,TITULO,ORDEN,VIGENCIA,ID_TIPO_CUADRO,IMPRESION_HORIZONTAL,VALIDAR_EEFF) VALUES (	5	,	99003000	,	'Nota 5'	,	'Nota 5 - Primera Adopción'	,	50	,	1	,	1	,	null	,	0	);
Insert into IFRS_CATALOGO (ID_CATALOGO,RUT, NOMBRE,TITULO,ORDEN,VIGENCIA,ID_TIPO_CUADRO,IMPRESION_HORIZONTAL,VALIDAR_EEFF) VALUES (	6	,	99003000	,	'Nota 6.1'	,	'Nota 6.1 - Riesgos Financieros'	,	61	,	1	,	1	,	null	,	0	);
Insert into IFRS_CATALOGO (ID_CATALOGO,RUT, NOMBRE,TITULO,ORDEN,VIGENCIA,ID_TIPO_CUADRO,IMPRESION_HORIZONTAL,VALIDAR_EEFF) VALUES (	7	,	99003000	,	'Nota 6.2'	,	'Nota 6.2 - Riesgo de Seguros'	,	62	,	0	,	1	,	null	,	0	);
Insert into IFRS_CATALOGO (ID_CATALOGO,RUT, NOMBRE,TITULO,ORDEN,VIGENCIA,ID_TIPO_CUADRO,IMPRESION_HORIZONTAL,VALIDAR_EEFF) VALUES (	8	,	99003000	,	'Nota 6.3'	,	'Nota 6.3 - Control Interno'	,	63	,	0	,	1	,	null	,	0	);
Insert into IFRS_CATALOGO (ID_CATALOGO,RUT, NOMBRE,TITULO,ORDEN,VIGENCIA,ID_TIPO_CUADRO,IMPRESION_HORIZONTAL,VALIDAR_EEFF) VALUES (	9	,	99003000	,	'Nota 7'	,	'Nota 7 - Efectivo y Efectivo Equivalente'	,	70	,	1	,	1	,	null	,	0	);
Insert into IFRS_CATALOGO (ID_CATALOGO,RUT, NOMBRE,TITULO,ORDEN,VIGENCIA,ID_TIPO_CUADRO,IMPRESION_HORIZONTAL,VALIDAR_EEFF) VALUES (	10	,	99003000	,	'Nota 8.1'	,	'Nota 8.1 - Inversiones a Valor Razonable'	,	80	,	1	,	1	,	null	,	0	);
Insert into IFRS_CATALOGO (ID_CATALOGO,RUT, NOMBRE,TITULO,ORDEN,VIGENCIA,ID_TIPO_CUADRO,IMPRESION_HORIZONTAL,VALIDAR_EEFF) VALUES (	11	,	99003000	,	'Nota 8.2.1'	,	'Nota 8.2.1 - Estrategia en el uso de Derivados'	,	81	,	1	,	1	,	null	,	0	);
Insert into IFRS_CATALOGO (ID_CATALOGO,RUT, NOMBRE,TITULO,ORDEN,VIGENCIA,ID_TIPO_CUADRO,IMPRESION_HORIZONTAL,VALIDAR_EEFF) VALUES (	12	,	99003000	,	'Nota 8.2.2'	,	'Nota 8.2.2 - Posición en Contratos Derivados (Forwards, Opciones, Swap)'	,	82	,	1	,	1	,	null	,	0	);
Insert into IFRS_CATALOGO (ID_CATALOGO,RUT, NOMBRE,TITULO,ORDEN,VIGENCIA,ID_TIPO_CUADRO,IMPRESION_HORIZONTAL,VALIDAR_EEFF) VALUES (	13	,	99003000	,	'Nota 8.2.3'	,	'Nota 8.2.3 - Posición en Contrato Derivados (Futuros)'	,	83	,	0	,	1	,	null	,	0	);
Insert into IFRS_CATALOGO (ID_CATALOGO,RUT, NOMBRE,TITULO,ORDEN,VIGENCIA,ID_TIPO_CUADRO,IMPRESION_HORIZONTAL,VALIDAR_EEFF) VALUES (	14	,	99003000	,	'Nota 8.2.4'	,	'Nota 8.2.4 - Operaciones de Venta Corta'	,	84	,	0	,	1	,	null	,	0	);
Insert into IFRS_CATALOGO (ID_CATALOGO,RUT, NOMBRE,TITULO,ORDEN,VIGENCIA,ID_TIPO_CUADRO,IMPRESION_HORIZONTAL,VALIDAR_EEFF) VALUES (	15	,	99003000	,	'Nota 8.2.5'	,	'Nota 8.2.5 - Contrato de Opciones'	,	85	,	0	,	1	,	1	,	0	);
Insert into IFRS_CATALOGO (ID_CATALOGO,RUT, NOMBRE,TITULO,ORDEN,VIGENCIA,ID_TIPO_CUADRO,IMPRESION_HORIZONTAL,VALIDAR_EEFF) VALUES (	16	,	99003000	,	'Nota 8.2.6'	,	'Nota 8.2.6 - Contratos de Forwards'	,	86	,	1	,	1	,	1	,	0	);
Insert into IFRS_CATALOGO (ID_CATALOGO,RUT, NOMBRE,TITULO,ORDEN,VIGENCIA,ID_TIPO_CUADRO,IMPRESION_HORIZONTAL,VALIDAR_EEFF) VALUES (	17	,	99003000	,	'Nota 8.2.7'	,	'Nota 8.2.7 - Contrato de Futuros'	,	87	,	0	,	1	,	null	,	0	);
Insert into IFRS_CATALOGO (ID_CATALOGO,RUT, NOMBRE,TITULO,ORDEN,VIGENCIA,ID_TIPO_CUADRO,IMPRESION_HORIZONTAL,VALIDAR_EEFF) VALUES (	18	,	99003000	,	'Nota 8.2.8'	,	'Nota 8.2.8 - Contratos Swaps'	,	88	,	1	,	1	,	1	,	0	);
Insert into IFRS_CATALOGO (ID_CATALOGO,RUT, NOMBRE,TITULO,ORDEN,VIGENCIA,ID_TIPO_CUADRO,IMPRESION_HORIZONTAL,VALIDAR_EEFF) VALUES (	19	,	99003000	,	'Nota 8.2.9'	,	'Nota 8.2.9 - Contratos de Cobertura de Riesgo de Crédito (CDS)'	,	89	,	0	,	1	,	null	,	0	);
Insert into IFRS_CATALOGO (ID_CATALOGO,RUT, NOMBRE,TITULO,ORDEN,VIGENCIA,ID_TIPO_CUADRO,IMPRESION_HORIZONTAL,VALIDAR_EEFF) VALUES (	20	,	99003000	,	'Nota 9.1'	,	'Nota 9.1 - Inversiones a Costo Amortizado'	,	91	,	1	,	1	,	null	,	0	);
Insert into IFRS_CATALOGO (ID_CATALOGO,RUT, NOMBRE,TITULO,ORDEN,VIGENCIA,ID_TIPO_CUADRO,IMPRESION_HORIZONTAL,VALIDAR_EEFF) VALUES (	21	,	99003000	,	'Nota 9.2'	,	'Nota 9.2 - Operaciones de Compromisos Efectuados sobre Instrumentos Financieros'	,	92	,	1	,	1	,	1	,	0	);
Insert into IFRS_CATALOGO (ID_CATALOGO,RUT, NOMBRE,TITULO,ORDEN,VIGENCIA,ID_TIPO_CUADRO,IMPRESION_HORIZONTAL,VALIDAR_EEFF) VALUES (	22	,	99003000	,	'Nota 10'	,	'Nota 10 - Préstamos'	,	100	,	1	,	1	,	null	,	0	);
Insert into IFRS_CATALOGO (ID_CATALOGO,RUT, NOMBRE,TITULO,ORDEN,VIGENCIA,ID_TIPO_CUADRO,IMPRESION_HORIZONTAL,VALIDAR_EEFF) VALUES (	23	,	99003000	,	'Nota 11'	,	'Nota 11 - Inversiones Seguros con Cuenta Unica de Inversión (CUI)'	,	110	,	1	,	1	,	null	,	0	);
Insert into IFRS_CATALOGO (ID_CATALOGO,RUT, NOMBRE,TITULO,ORDEN,VIGENCIA,ID_TIPO_CUADRO,IMPRESION_HORIZONTAL,VALIDAR_EEFF) VALUES (	24	,	99003000	,	'Nota 12.1'	,	'Nota 12.1 - Participación en Empresas Subsidiarias (Filiales)'	,	120	,	1	,	1	,	null	,	0	);
Insert into IFRS_CATALOGO (ID_CATALOGO,RUT, NOMBRE,TITULO,ORDEN,VIGENCIA,ID_TIPO_CUADRO,IMPRESION_HORIZONTAL,VALIDAR_EEFF) VALUES (	25	,	99003000	,	'Nota 12.2'	,	'Nota 12.2 - Participaciones en Empresas Asociadas (Coligadas)'	,	121	,	1	,	1	,	null	,	0	);
Insert into IFRS_CATALOGO (ID_CATALOGO,RUT, NOMBRE,TITULO,ORDEN,VIGENCIA,ID_TIPO_CUADRO,IMPRESION_HORIZONTAL,VALIDAR_EEFF) VALUES (	26	,	99003000	,	'Nota 12.3'	,	'Nota 12.3 - Cambio en Inversiones en Empresas Relacionadas'	,	122	,	1	,	1	,	null	,	0	);
Insert into IFRS_CATALOGO (ID_CATALOGO,RUT, NOMBRE,TITULO,ORDEN,VIGENCIA,ID_TIPO_CUADRO,IMPRESION_HORIZONTAL,VALIDAR_EEFF) VALUES (	27	,	99003000	,	'Nota 13.1'	,	'Nota 13.1 - Movimiento de la Cartera de Inversiones'	,	130	,	1	,	1	,	null	,	0	);
Insert into IFRS_CATALOGO (ID_CATALOGO,RUT, NOMBRE,TITULO,ORDEN,VIGENCIA,ID_TIPO_CUADRO,IMPRESION_HORIZONTAL,VALIDAR_EEFF) VALUES (	28	,	99003000	,	'Nota 13.2'	,	'Nota 13.2 - Garantías'	,	131	,	1	,	1	,	null	,	0	);
Insert into IFRS_CATALOGO (ID_CATALOGO,RUT, NOMBRE,TITULO,ORDEN,VIGENCIA,ID_TIPO_CUADRO,IMPRESION_HORIZONTAL,VALIDAR_EEFF) VALUES (	29	,	99003000	,	'Nota 13.3'	,	'Nota 13.3 - Instrumentos Financieros Compuestos por Derivados Implicitos'	,	132	,	0	,	1	,	null	,	0	);
Insert into IFRS_CATALOGO (ID_CATALOGO,RUT, NOMBRE,TITULO,ORDEN,VIGENCIA,ID_TIPO_CUADRO,IMPRESION_HORIZONTAL,VALIDAR_EEFF) VALUES (	30	,	99003000	,	'Nota 13.4'	,	'Nota 13.4 - Tasa de Reinversión - TSA - NCG N°209'	,	133	,	1	,	1	,	null	,	0	);
Insert into IFRS_CATALOGO (ID_CATALOGO,RUT, NOMBRE,TITULO,ORDEN,VIGENCIA,ID_TIPO_CUADRO,IMPRESION_HORIZONTAL,VALIDAR_EEFF) VALUES (	31	,	99003000	,	'Nota 13.5'	,	'Nota 13.5 - Información Cartera de Inversiones'	,	134	,	1	,	1	,	null	,	0	);
Insert into IFRS_CATALOGO (ID_CATALOGO,RUT, NOMBRE,TITULO,ORDEN,VIGENCIA,ID_TIPO_CUADRO,IMPRESION_HORIZONTAL,VALIDAR_EEFF) VALUES (	32	,	99003000	,	'Nota 13.6'	,	'Nota 13.6 - Inversión en Cuotas de Fondos por Cuenta de los Asegurados'	,	135	,	1	,	1	,	null	,	0	);
Insert into IFRS_CATALOGO (ID_CATALOGO,RUT, NOMBRE,TITULO,ORDEN,VIGENCIA,ID_TIPO_CUADRO,IMPRESION_HORIZONTAL,VALIDAR_EEFF) VALUES (	33	,	99003000	,	'Nota 14.1'	,	'Nota 14.1 - Propiedades de Inversión'	,	140	,	1	,	1	,	null	,	0	);
Insert into IFRS_CATALOGO (ID_CATALOGO,RUT, NOMBRE,TITULO,ORDEN,VIGENCIA,ID_TIPO_CUADRO,IMPRESION_HORIZONTAL,VALIDAR_EEFF) VALUES (	34	,	99003000	,	'Nota 14.2'	,	'Nota 14.2 - Cuentas por Cobrar Leasing'	,	141	,	1	,	1	,	null	,	0	);
Insert into IFRS_CATALOGO (ID_CATALOGO,RUT, NOMBRE,TITULO,ORDEN,VIGENCIA,ID_TIPO_CUADRO,IMPRESION_HORIZONTAL,VALIDAR_EEFF) VALUES (	35	,	99003000	,	'Nota 14.3'	,	'Nota 14.3 - Propiedades, Muebles y Equipos de Uso Propio'	,	142	,	1	,	1	,	null	,	0	);
Insert into IFRS_CATALOGO (ID_CATALOGO,RUT, NOMBRE,TITULO,ORDEN,VIGENCIA,ID_TIPO_CUADRO,IMPRESION_HORIZONTAL,VALIDAR_EEFF) VALUES (	36	,	99003000	,	'Nota 15'	,	'Nota 15 - Activos no Corrientes Mantenidos para la Venta'	,	150	,	0	,	1	,	null	,	0	);
Insert into IFRS_CATALOGO (ID_CATALOGO,RUT, NOMBRE,TITULO,ORDEN,VIGENCIA,ID_TIPO_CUADRO,IMPRESION_HORIZONTAL,VALIDAR_EEFF) VALUES (	37	,	99003000	,	'Nota 16.1'	,	'Nota 16.1 - Saldos Adeudados por Asegurados'	,	161	,	1	,	1	,	null	,	0	);
Insert into IFRS_CATALOGO (ID_CATALOGO,RUT, NOMBRE,TITULO,ORDEN,VIGENCIA,ID_TIPO_CUADRO,IMPRESION_HORIZONTAL,VALIDAR_EEFF) VALUES (	38	,	99003000	,	'Nota 16.2'	,	'Nota 16.2 - Deudores por Primas por Vencimiento'	,	162	,	1	,	1	,	null	,	0	);
Insert into IFRS_CATALOGO (ID_CATALOGO,RUT, NOMBRE,TITULO,ORDEN,VIGENCIA,ID_TIPO_CUADRO,IMPRESION_HORIZONTAL,VALIDAR_EEFF) VALUES (	39	,	99003000	,	'Nota 16.3'	,	'Nota 16.3 - Evolución del Deterioro Asegurados'	,	163	,	1	,	1	,	null	,	0	);
Insert into IFRS_CATALOGO (ID_CATALOGO,RUT, NOMBRE,TITULO,ORDEN,VIGENCIA,ID_TIPO_CUADRO,IMPRESION_HORIZONTAL,VALIDAR_EEFF) VALUES (	40	,	99003000	,	'Nota 17.1'	,	'Nota 17.1 - Saldos Adeudados por Reaseguro'	,	171	,	1	,	1	,	null	,	0	);
Insert into IFRS_CATALOGO (ID_CATALOGO,RUT, NOMBRE,TITULO,ORDEN,VIGENCIA,ID_TIPO_CUADRO,IMPRESION_HORIZONTAL,VALIDAR_EEFF) VALUES (	41	,	99003000	,	'Nota 17.2'	,	'Nota 17.2 - Evolución del Deterioro por Reaseguro'	,	172	,	0	,	1	,	null	,	0	);
Insert into IFRS_CATALOGO (ID_CATALOGO,RUT, NOMBRE,TITULO,ORDEN,VIGENCIA,ID_TIPO_CUADRO,IMPRESION_HORIZONTAL,VALIDAR_EEFF) VALUES (	42	,	99003000	,	'Nota 17.3'	,	'Nota 17.3 - Siniestros por Cobrar a Reaseguradores'	,	173	,	1	,	1	,	null	,	0	);
Insert into IFRS_CATALOGO (ID_CATALOGO,RUT, NOMBRE,TITULO,ORDEN,VIGENCIA,ID_TIPO_CUADRO,IMPRESION_HORIZONTAL,VALIDAR_EEFF) VALUES (	43	,	99003000	,	'Nota 18.1'	,	'Nota 18.1 - Saldo Adeudado por Coaseguro'	,	181	,	0	,	1	,	null	,	0	);
Insert into IFRS_CATALOGO (ID_CATALOGO,RUT, NOMBRE,TITULO,ORDEN,VIGENCIA,ID_TIPO_CUADRO,IMPRESION_HORIZONTAL,VALIDAR_EEFF) VALUES (	44	,	99003000	,	'Nota 18.2'	,	'Nota 18.2 - Evolución del Deterioro por Coaseguro'	,	182	,	0	,	1	,	null	,	0	);
Insert into IFRS_CATALOGO (ID_CATALOGO,RUT, NOMBRE,TITULO,ORDEN,VIGENCIA,ID_TIPO_CUADRO,IMPRESION_HORIZONTAL,VALIDAR_EEFF) VALUES (	45	,	99003000	,	'Nota 19'	,	'Nota 19 - Participación del Reaseguro en las Reservas Técnicas (Activo) y Reservas Técnicas (Pasivo)'	,	190	,	1	,	1	,	null	,	0	);
Insert into IFRS_CATALOGO (ID_CATALOGO,RUT, NOMBRE,TITULO,ORDEN,VIGENCIA,ID_TIPO_CUADRO,IMPRESION_HORIZONTAL,VALIDAR_EEFF) VALUES (	46	,	99003000	,	'Nota 20.1'	,	'Nota 20.1 - Goodwill'	,	201	,	0	,	1	,	null	,	0	);
Insert into IFRS_CATALOGO (ID_CATALOGO,RUT, NOMBRE,TITULO,ORDEN,VIGENCIA,ID_TIPO_CUADRO,IMPRESION_HORIZONTAL,VALIDAR_EEFF) VALUES (	47	,	99003000	,	'Nota 20.2'	,	'Nota 20.2 - Activos Intangibles Distintos a Goodwill'	,	202	,	1	,	1	,	null	,	0	);
Insert into IFRS_CATALOGO (ID_CATALOGO,RUT, NOMBRE,TITULO,ORDEN,VIGENCIA,ID_TIPO_CUADRO,IMPRESION_HORIZONTAL,VALIDAR_EEFF) VALUES (	48	,	99003000	,	'Nota 21.1'	,	'Nota 21.1 - Cuentas por Cobrar por Impuestos Corrientes'	,	210	,	1	,	1	,	null	,	0	);
Insert into IFRS_CATALOGO (ID_CATALOGO,RUT, NOMBRE,TITULO,ORDEN,VIGENCIA,ID_TIPO_CUADRO,IMPRESION_HORIZONTAL,VALIDAR_EEFF) VALUES (	49	,	99003000	,	'Nota 21.2.1'	,	'Nota 21.2.1 - Efecto de Impuestos Diferidos en Patrimonio'	,	212	,	1	,	1	,	null	,	0	);
Insert into IFRS_CATALOGO (ID_CATALOGO,RUT, NOMBRE,TITULO,ORDEN,VIGENCIA,ID_TIPO_CUADRO,IMPRESION_HORIZONTAL,VALIDAR_EEFF) VALUES (	50	,	99003000	,	'Nota 21.2.2'	,	'Nota 21.2.2 - Efecto de Impuestos Diferidos en Resultado'	,	213	,	1	,	1	,	null	,	0	);
Insert into IFRS_CATALOGO (ID_CATALOGO,RUT, NOMBRE,TITULO,ORDEN,VIGENCIA,ID_TIPO_CUADRO,IMPRESION_HORIZONTAL,VALIDAR_EEFF) VALUES (	51	,	99003000	,	'Nota 22.1'	,	'Nota 22.1 - Deudas del Personal'	,	220	,	1	,	1	,	null	,	0	);
Insert into IFRS_CATALOGO (ID_CATALOGO,RUT, NOMBRE,TITULO,ORDEN,VIGENCIA,ID_TIPO_CUADRO,IMPRESION_HORIZONTAL,VALIDAR_EEFF) VALUES (	52	,	99003000	,	'Nota 22.2'	,	'Nota 22.2 - Cuentas por Cobrar Intermediarios'	,	221	,	1	,	1	,	null	,	0	);
Insert into IFRS_CATALOGO (ID_CATALOGO,RUT, NOMBRE,TITULO,ORDEN,VIGENCIA,ID_TIPO_CUADRO,IMPRESION_HORIZONTAL,VALIDAR_EEFF) VALUES (	53	,	99003000	,	'Nota 22.3.1'	,	'Nota 22.3.1 - Saldos con Relacionados'	,	222	,	1	,	1	,	null	,	0	);
Insert into IFRS_CATALOGO (ID_CATALOGO,RUT, NOMBRE,TITULO,ORDEN,VIGENCIA,ID_TIPO_CUADRO,IMPRESION_HORIZONTAL,VALIDAR_EEFF) VALUES (	54	,	99003000	,	'Nota 22.3.2'	,	'Nota 22.3.2 - Compensaciones al Personal Directivo Clave y Administradores'	,	223	,	1	,	1	,	null	,	0	);
Insert into IFRS_CATALOGO (ID_CATALOGO,RUT, NOMBRE,TITULO,ORDEN,VIGENCIA,ID_TIPO_CUADRO,IMPRESION_HORIZONTAL,VALIDAR_EEFF) VALUES (	55	,	99003000	,	'Nota 22.4'	,	'Nota 22.4 - Transacciones con Partes Relacionadas'	,	224	,	1	,	1	,	null	,	0	);
Insert into IFRS_CATALOGO (ID_CATALOGO,RUT, NOMBRE,TITULO,ORDEN,VIGENCIA,ID_TIPO_CUADRO,IMPRESION_HORIZONTAL,VALIDAR_EEFF) VALUES (	56	,	99003000	,	'Nota 22.5'	,	'Nota 22.5 - Gastos Anticipados'	,	225	,	0	,	1	,	null	,	0	);
Insert into IFRS_CATALOGO (ID_CATALOGO,RUT, NOMBRE,TITULO,ORDEN,VIGENCIA,ID_TIPO_CUADRO,IMPRESION_HORIZONTAL,VALIDAR_EEFF) VALUES (	57	,	99003000	,	'Nota 22.6'	,	'Nota 22.6 - Otros Activos'	,	226	,	1	,	1	,	null	,	0	);
Insert into IFRS_CATALOGO (ID_CATALOGO,RUT, NOMBRE,TITULO,ORDEN,VIGENCIA,ID_TIPO_CUADRO,IMPRESION_HORIZONTAL,VALIDAR_EEFF) VALUES (	58	,	99003000	,	'Nota 23.1'	,	'Nota 23.1 - Pasivos Financieros a Valor Razonable con Cambios en Resultado'	,	230	,	0	,	1	,	null	,	0	);
Insert into IFRS_CATALOGO (ID_CATALOGO,RUT, NOMBRE,TITULO,ORDEN,VIGENCIA,ID_TIPO_CUADRO,IMPRESION_HORIZONTAL,VALIDAR_EEFF) VALUES (	59	,	99003000	,	'Nota 23.2.1'	,	'Nota 23.2.1 - Deudas con Entidades Financieras'	,	232	,	1	,	1	,	null	,	0	);
Insert into IFRS_CATALOGO (ID_CATALOGO,RUT, NOMBRE,TITULO,ORDEN,VIGENCIA,ID_TIPO_CUADRO,IMPRESION_HORIZONTAL,VALIDAR_EEFF) VALUES (	60	,	99003000	,	'Nota 23.2.2'	,	'Nota 23.2.2 - Otros Pasivos Financieros a Costo Amortizado'	,	233	,	1	,	1	,	null	,	0	);
Insert into IFRS_CATALOGO (ID_CATALOGO,RUT, NOMBRE,TITULO,ORDEN,VIGENCIA,ID_TIPO_CUADRO,IMPRESION_HORIZONTAL,VALIDAR_EEFF) VALUES (	61	,	99003000	,	'Nota 23.2.3'	,	'Nota 23.2.3 - Impagos y Otros Incumplimientos'	,	234	,	0	,	1	,	null	,	0	);
Insert into IFRS_CATALOGO (ID_CATALOGO,RUT, NOMBRE,TITULO,ORDEN,VIGENCIA,ID_TIPO_CUADRO,IMPRESION_HORIZONTAL,VALIDAR_EEFF) VALUES (	62	,	99003000	,	'Nota 24'	,	'Nota 24 - Pasivos no Corrientes Mantenidos para la Venta (NIIF 5)'	,	240	,	0	,	1	,	null	,	0	);
Insert into IFRS_CATALOGO (ID_CATALOGO,RUT, NOMBRE,TITULO,ORDEN,VIGENCIA,ID_TIPO_CUADRO,IMPRESION_HORIZONTAL,VALIDAR_EEFF) VALUES (	63	,	99003000	,	'Nota 25.1.1'	,	'Nota 25.1.1 - Reservas Riesgos en Curso'	,	250	,	0	,	1	,	null	,	0	);
Insert into IFRS_CATALOGO (ID_CATALOGO,RUT, NOMBRE,TITULO,ORDEN,VIGENCIA,ID_TIPO_CUADRO,IMPRESION_HORIZONTAL,VALIDAR_EEFF) VALUES (	64	,	99003000	,	'Nota 25.1.2'	,	'Nota 25.1.2 - Reserva de Siniestros'	,	251	,	0	,	1	,	null	,	0	);
Insert into IFRS_CATALOGO (ID_CATALOGO,RUT, NOMBRE,TITULO,ORDEN,VIGENCIA,ID_TIPO_CUADRO,IMPRESION_HORIZONTAL,VALIDAR_EEFF) VALUES (	65	,	99003000	,	'Nota 25.1.3'	,	'Nota 25.1.3 - Reserva de Insuficiencia de Primas'	,	252	,	0	,	1	,	null	,	0	);
Insert into IFRS_CATALOGO (ID_CATALOGO,RUT, NOMBRE,TITULO,ORDEN,VIGENCIA,ID_TIPO_CUADRO,IMPRESION_HORIZONTAL,VALIDAR_EEFF) VALUES (	66	,	99003000	,	'Nota 25.1.4'	,	'Nota 25.1.4 - Otras Reservas Técnicas'	,	253	,	0	,	1	,	null	,	0	);
Insert into IFRS_CATALOGO (ID_CATALOGO,RUT, NOMBRE,TITULO,ORDEN,VIGENCIA,ID_TIPO_CUADRO,IMPRESION_HORIZONTAL,VALIDAR_EEFF) VALUES (	67	,	99003000	,	'Nota 25.2.1'	,	'Nota 25.2.1 - Reserva Riesgos en Curso'	,	254	,	1	,	1	,	null	,	0	);
Insert into IFRS_CATALOGO (ID_CATALOGO,RUT, NOMBRE,TITULO,ORDEN,VIGENCIA,ID_TIPO_CUADRO,IMPRESION_HORIZONTAL,VALIDAR_EEFF) VALUES (	68	,	99003000	,	'Nota 25.2.2'	,	'Nota 25.2.2 - Reservas Seguros Previsionales'	,	255	,	1	,	1	,	null	,	0	);
Insert into IFRS_CATALOGO (ID_CATALOGO,RUT, NOMBRE,TITULO,ORDEN,VIGENCIA,ID_TIPO_CUADRO,IMPRESION_HORIZONTAL,VALIDAR_EEFF) VALUES (	69	,	99003000	,	'Nota 25.2.3'	,	'Nota 25.2.3 - Reserva Matemática'	,	256	,	1	,	1	,	0	,	0	);
Insert into IFRS_CATALOGO (ID_CATALOGO,RUT, NOMBRE,TITULO,ORDEN,VIGENCIA,ID_TIPO_CUADRO,IMPRESION_HORIZONTAL,VALIDAR_EEFF) VALUES (	70	,	99003000	,	'Nota 25.2.4'	,	'Nota 25.2.4 - Reserva Valor del Fondo'	,	257	,	1	,	1	,	null	,	0	);
Insert into IFRS_CATALOGO (ID_CATALOGO,RUT, NOMBRE,TITULO,ORDEN,VIGENCIA,ID_TIPO_CUADRO,IMPRESION_HORIZONTAL,VALIDAR_EEFF) VALUES (	71	,	99003000	,	'Nota 25.2.4.1'	,	'Nota 25.2.4.1 - Reserva de Descalce Seguros con Cuenta Unica de Inversión (CUI)'	,	258	,	1	,	1	,	null	,	0	);
Insert into IFRS_CATALOGO (ID_CATALOGO,RUT, NOMBRE,TITULO,ORDEN,VIGENCIA,ID_TIPO_CUADRO,IMPRESION_HORIZONTAL,VALIDAR_EEFF) VALUES (	72	,	99003000	,	'Nota 25.2.5'	,	'Nota 25.2.5 - Reserva Rentas Privadas'	,	259	,	1	,	1	,	null	,	0	);
Insert into IFRS_CATALOGO (ID_CATALOGO,RUT, NOMBRE,TITULO,ORDEN,VIGENCIA,ID_TIPO_CUADRO,IMPRESION_HORIZONTAL,VALIDAR_EEFF) VALUES (	73	,	99003000	,	'Nota 25.2.6'	,	'Nota 25.2.6 - Reserva de Siniestros'	,	260	,	1	,	1	,	null	,	0	);
Insert into IFRS_CATALOGO (ID_CATALOGO,RUT, NOMBRE,TITULO,ORDEN,VIGENCIA,ID_TIPO_CUADRO,IMPRESION_HORIZONTAL,VALIDAR_EEFF) VALUES (	74	,	99003000	,	'Nota 25.2.7'	,	'Nota 25.2.7 - Reservas de Insuficiencia de Primas'	,	261	,	1	,	1	,	null	,	0	);
Insert into IFRS_CATALOGO (ID_CATALOGO,RUT, NOMBRE,TITULO,ORDEN,VIGENCIA,ID_TIPO_CUADRO,IMPRESION_HORIZONTAL,VALIDAR_EEFF) VALUES (	75	,	99003000	,	'Nota 25.2.8'	,	'Nota 25.2.8 - Otras Reservas'	,	262	,	1	,	1	,	null	,	0	);
Insert into IFRS_CATALOGO (ID_CATALOGO,RUT, NOMBRE,TITULO,ORDEN,VIGENCIA,ID_TIPO_CUADRO,IMPRESION_HORIZONTAL,VALIDAR_EEFF) VALUES (	76	,	99003000	,	'Nota 25.3.1'	,	'Nota 25.3.1 - Ajuste de Reserva por Calce'	,	263	,	1	,	1	,	null	,	0	);
Insert into IFRS_CATALOGO (ID_CATALOGO,RUT, NOMBRE,TITULO,ORDEN,VIGENCIA,ID_TIPO_CUADRO,IMPRESION_HORIZONTAL,VALIDAR_EEFF) VALUES (	77	,	99003000	,	'Nota 25.3.2'	,	'Nota 25.3.2 - Indices de Coberturas'	,	264	,	1	,	1	,	1	,	0	);
Insert into IFRS_CATALOGO (ID_CATALOGO,RUT, NOMBRE,TITULO,ORDEN,VIGENCIA,ID_TIPO_CUADRO,IMPRESION_HORIZONTAL,VALIDAR_EEFF) VALUES (	78	,	99003000	,	'Nota 25.3.3'	,	'Nota 25.3.3 -Tasa de Costo de Emisión Equivalente'	,	265	,	1	,	1	,	null	,	0	);
Insert into IFRS_CATALOGO (ID_CATALOGO,RUT, NOMBRE,TITULO,ORDEN,VIGENCIA,ID_TIPO_CUADRO,IMPRESION_HORIZONTAL,VALIDAR_EEFF) VALUES (	79	,	99003000	,	'Nota 25.3.4'	,	'Nota 25.3.4 - Aplicación Tablas de Mortalidad Rentas Vitalicias'	,	266	,	1	,	1	,	null	,	0	);
Insert into IFRS_CATALOGO (ID_CATALOGO,RUT, NOMBRE,TITULO,ORDEN,VIGENCIA,ID_TIPO_CUADRO,IMPRESION_HORIZONTAL,VALIDAR_EEFF) VALUES (	80	,	99003000	,	'Nota 25.4.1'	,	'Nota 25.4.1 - Reserva de Siniestros en Proceso por Grupo'	,	267	,	1	,	1	,	null	,	0	);
Insert into IFRS_CATALOGO (ID_CATALOGO,RUT, NOMBRE,TITULO,ORDEN,VIGENCIA,ID_TIPO_CUADRO,IMPRESION_HORIZONTAL,VALIDAR_EEFF) VALUES (	81	,	99003000	,	'Nota 25.5'	,	'Nota 25.5 - Reserva SOAP'	,	269	,	0	,	1	,	null	,	0	);
Insert into IFRS_CATALOGO (ID_CATALOGO,RUT, NOMBRE,TITULO,ORDEN,VIGENCIA,ID_TIPO_CUADRO,IMPRESION_HORIZONTAL,VALIDAR_EEFF) VALUES (	82	,	99003000	,	'Nota 26.1'	,	'Nota 26.1 - Deudas con Asegurados'	,	270	,	1	,	1	,	null	,	0	);
Insert into IFRS_CATALOGO (ID_CATALOGO,RUT, NOMBRE,TITULO,ORDEN,VIGENCIA,ID_TIPO_CUADRO,IMPRESION_HORIZONTAL,VALIDAR_EEFF) VALUES (	83	,	99003000	,	'Nota 26.2'	,	'Nota 26.2 - Deudas por Operaciones de Reaseguro'	,	271	,	1	,	1	,	null	,	0	);
Insert into IFRS_CATALOGO (ID_CATALOGO,RUT, NOMBRE,TITULO,ORDEN,VIGENCIA,ID_TIPO_CUADRO,IMPRESION_HORIZONTAL,VALIDAR_EEFF) VALUES (	84	,	99003000	,	'Nota 26.3'	,	'Nota 26.3 - Deudas por Operaciones de Coaseguro'	,	272	,	0	,	1	,	null	,	0	);
Insert into IFRS_CATALOGO (ID_CATALOGO,RUT, NOMBRE,TITULO,ORDEN,VIGENCIA,ID_TIPO_CUADRO,IMPRESION_HORIZONTAL,VALIDAR_EEFF) VALUES (	85	,	99003000	,	'Nota 27'	,	'Nota 27 - Provisiones'	,	275	,	1	,	1	,	null	,	0	);
Insert into IFRS_CATALOGO (ID_CATALOGO,RUT, NOMBRE,TITULO,ORDEN,VIGENCIA,ID_TIPO_CUADRO,IMPRESION_HORIZONTAL,VALIDAR_EEFF) VALUES (	86	,	99003000	,	'Nota 28.1.1'	,	'Nota 28.1.1 - Cuentas por Pagar Impuestos'	,	280	,	1	,	1	,	null	,	0	);
Insert into IFRS_CATALOGO (ID_CATALOGO,RUT, NOMBRE,TITULO,ORDEN,VIGENCIA,ID_TIPO_CUADRO,IMPRESION_HORIZONTAL,VALIDAR_EEFF) VALUES (	87	,	99003000	,	'Nota 28.3'	,	'Nota 28.3 - Deudas con Intermediarios'	,	283	,	1	,	1	,	null	,	0	);
Insert into IFRS_CATALOGO (ID_CATALOGO,RUT, NOMBRE,TITULO,ORDEN,VIGENCIA,ID_TIPO_CUADRO,IMPRESION_HORIZONTAL,VALIDAR_EEFF) VALUES (	88	,	99003000	,	'Nota 28.4'	,	'Nota 28.4 - Deudas con el Personal'	,	284	,	1	,	1	,	null	,	0	);
Insert into IFRS_CATALOGO (ID_CATALOGO,RUT, NOMBRE,TITULO,ORDEN,VIGENCIA,ID_TIPO_CUADRO,IMPRESION_HORIZONTAL,VALIDAR_EEFF) VALUES (	89	,	99003000	,	'Nota 28.6'	,	'Nota 28.6 - Otros Pasivos no Financieros'	,	286	,	1	,	1	,	null	,	0	);
Insert into IFRS_CATALOGO (ID_CATALOGO,RUT, NOMBRE,TITULO,ORDEN,VIGENCIA,ID_TIPO_CUADRO,IMPRESION_HORIZONTAL,VALIDAR_EEFF) VALUES (	90	,	99003000	,	'Nota 29.1'	,	'Nota 29.1 - Capital Pagado'	,	290	,	1	,	1	,	null	,	0	);
Insert into IFRS_CATALOGO (ID_CATALOGO,RUT, NOMBRE,TITULO,ORDEN,VIGENCIA,ID_TIPO_CUADRO,IMPRESION_HORIZONTAL,VALIDAR_EEFF) VALUES (	91	,	99003000	,	'Nota 29.2'	,	'Nota 29.2 - Distribución de Dividendos'	,	291	,	0	,	1	,	null	,	0	);
Insert into IFRS_CATALOGO (ID_CATALOGO,RUT, NOMBRE,TITULO,ORDEN,VIGENCIA,ID_TIPO_CUADRO,IMPRESION_HORIZONTAL,VALIDAR_EEFF) VALUES (	92	,	99003000	,	'Nota 29.3'	,	'Nota 29.3 - Otras Reservas Patrimoniales'	,	292	,	0	,	1	,	null	,	0	);
Insert into IFRS_CATALOGO (ID_CATALOGO,RUT, NOMBRE,TITULO,ORDEN,VIGENCIA,ID_TIPO_CUADRO,IMPRESION_HORIZONTAL,VALIDAR_EEFF) VALUES (	93	,	99003000	,	'Nota 30'	,	'Nota 30 - Reaseguradores y Corredores de Reaseguros Vigentes'	,	300	,	1	,	1	,	null	,	0	);
Insert into IFRS_CATALOGO (ID_CATALOGO,RUT, NOMBRE,TITULO,ORDEN,VIGENCIA,ID_TIPO_CUADRO,IMPRESION_HORIZONTAL,VALIDAR_EEFF) VALUES (	94	,	99003000	,	'Nota 31'	,	'Nota 31 - Variación de Reservas Técnicas'	,	310	,	1	,	1	,	null	,	0	);
Insert into IFRS_CATALOGO (ID_CATALOGO,RUT, NOMBRE,TITULO,ORDEN,VIGENCIA,ID_TIPO_CUADRO,IMPRESION_HORIZONTAL,VALIDAR_EEFF) VALUES (	95	,	99003000	,	'Nota 32'	,	'Nota 32 - Costo de Siniestros'	,	320	,	1	,	1	,	null	,	0	);
Insert into IFRS_CATALOGO (ID_CATALOGO,RUT, NOMBRE,TITULO,ORDEN,VIGENCIA,ID_TIPO_CUADRO,IMPRESION_HORIZONTAL,VALIDAR_EEFF) VALUES (	96	,	99003000	,	'Nota 33'	,	'Nota 33 - Deterioro de Seguros'	,	330	,	1	,	1	,	null	,	0	);
Insert into IFRS_CATALOGO (ID_CATALOGO,RUT, NOMBRE,TITULO,ORDEN,VIGENCIA,ID_TIPO_CUADRO,IMPRESION_HORIZONTAL,VALIDAR_EEFF) VALUES (	97	,	99003000	,	'Nota 34'	,	'Nota 34 - Costos de Administración'	,	340	,	1	,	1	,	null	,	0	);
Insert into IFRS_CATALOGO (ID_CATALOGO,RUT, NOMBRE,TITULO,ORDEN,VIGENCIA,ID_TIPO_CUADRO,IMPRESION_HORIZONTAL,VALIDAR_EEFF) VALUES (	98	,	99003000	,	'Nota 35'	,	'Nota 35 - Resultado de Inversiones'	,	350	,	1	,	1	,	null	,	0	);
Insert into IFRS_CATALOGO (ID_CATALOGO,RUT, NOMBRE,TITULO,ORDEN,VIGENCIA,ID_TIPO_CUADRO,IMPRESION_HORIZONTAL,VALIDAR_EEFF) VALUES (	99	,	99003000	,	'Nota 36'	,	'Nota 36 - Otros Ingresos'	,	360	,	1	,	1	,	null	,	0	);
Insert into IFRS_CATALOGO (ID_CATALOGO,RUT, NOMBRE,TITULO,ORDEN,VIGENCIA,ID_TIPO_CUADRO,IMPRESION_HORIZONTAL,VALIDAR_EEFF) VALUES (	100	,	99003000	,	'Nota 37'	,	'Nota 37 - Otros Egresos'	,	370	,	1	,	1	,	null	,	0	);
Insert into IFRS_CATALOGO (ID_CATALOGO,RUT, NOMBRE,TITULO,ORDEN,VIGENCIA,ID_TIPO_CUADRO,IMPRESION_HORIZONTAL,VALIDAR_EEFF) VALUES (	101	,	99003000	,	'Nota 38.1'	,	'Nota 38.1 - Diferencia de Cambio'	,	380	,	1	,	1	,	null	,	0	);
Insert into IFRS_CATALOGO (ID_CATALOGO,RUT, NOMBRE,TITULO,ORDEN,VIGENCIA,ID_TIPO_CUADRO,IMPRESION_HORIZONTAL,VALIDAR_EEFF) VALUES (	102	,	99003000	,	'Nota 40.1'	,	'Nota 40.1 - Resultado por Impuestos'	,	400	,	1	,	1	,	null	,	0	);
Insert into IFRS_CATALOGO (ID_CATALOGO,RUT, NOMBRE,TITULO,ORDEN,VIGENCIA,ID_TIPO_CUADRO,IMPRESION_HORIZONTAL,VALIDAR_EEFF) VALUES (	103	,	99003000	,	'Nota 40.2'	,	'Nota 40.2 - Reconciliación de la Tasa de Impuesto Efectiva'	,	401	,	1	,	1	,	null	,	0	);
Insert into IFRS_CATALOGO (ID_CATALOGO,RUT, NOMBRE,TITULO,ORDEN,VIGENCIA,ID_TIPO_CUADRO,IMPRESION_HORIZONTAL,VALIDAR_EEFF) VALUES (	104	,	99003000	,	'Nota 41'	,	'Nota 41 - Estados de Flujos de Efectivos'	,	410	,	0	,	1	,	null	,	0	);
Insert into IFRS_CATALOGO (ID_CATALOGO,RUT, NOMBRE,TITULO,ORDEN,VIGENCIA,ID_TIPO_CUADRO,IMPRESION_HORIZONTAL,VALIDAR_EEFF) VALUES (	105	,	99003000	,	'Nota 42'	,	'Nota 42 - Contingencias y Compromisos'	,	420	,	1	,	1	,	null	,	0	);
Insert into IFRS_CATALOGO (ID_CATALOGO,RUT, NOMBRE,TITULO,ORDEN,VIGENCIA,ID_TIPO_CUADRO,IMPRESION_HORIZONTAL,VALIDAR_EEFF) VALUES (	106	,	99003000	,	'Nota 43'	,	'Nota 43 - Hechos Posteriores'	,	430	,	1	,	1	,	null	,	0	);
Insert into IFRS_CATALOGO (ID_CATALOGO,RUT, NOMBRE,TITULO,ORDEN,VIGENCIA,ID_TIPO_CUADRO,IMPRESION_HORIZONTAL,VALIDAR_EEFF) VALUES (	107	,	99003000	,	'Nota 44.1'	,	'Nota 44.1 - Posición de Activos y Pasivos en Moneda Extranjera'	,	440	,	1	,	1	,	null	,	0	);
Insert into IFRS_CATALOGO (ID_CATALOGO,RUT, NOMBRE,TITULO,ORDEN,VIGENCIA,ID_TIPO_CUADRO,IMPRESION_HORIZONTAL,VALIDAR_EEFF) VALUES (	108	,	99003000	,	'Nota 45'	,	'Nota 45 - Cuadro de Ventas por Regiones'	,	450	,	0	,	1	,	null	,	0	);
Insert into IFRS_CATALOGO (ID_CATALOGO,RUT, NOMBRE,TITULO,ORDEN,VIGENCIA,ID_TIPO_CUADRO,IMPRESION_HORIZONTAL,VALIDAR_EEFF) VALUES (	109	,	99003000	,	'Nota 46.1'	,	'Nota 46.1 - Margen de Solvencia Seguros de Vida'	,	460	,	1	,	1	,	null	,	0	);
Insert into IFRS_CATALOGO (ID_CATALOGO,RUT, NOMBRE,TITULO,ORDEN,VIGENCIA,ID_TIPO_CUADRO,IMPRESION_HORIZONTAL,VALIDAR_EEFF) VALUES (	110	,	99003000	,	'Nota 48.1'	,	'Nota 48.1 - Cumplimiento de Régimen de Inversiones y Endeudamiento'	,	480	,	1	,	1	,	null	,	0	);
Insert into IFRS_CATALOGO (ID_CATALOGO,RUT, NOMBRE,TITULO,ORDEN,VIGENCIA,ID_TIPO_CUADRO,IMPRESION_HORIZONTAL,VALIDAR_EEFF) VALUES (	111	,	99003000	,	'Nota 48.2'	,	'Nota 48.2 - Obligación de Invertir'	,	481	,	1	,	1	,	null	,	0	);
Insert into IFRS_CATALOGO (ID_CATALOGO,RUT, NOMBRE,TITULO,ORDEN,VIGENCIA,ID_TIPO_CUADRO,IMPRESION_HORIZONTAL,VALIDAR_EEFF) VALUES (	112	,	99003000	,	'Nota 48.3'	,	'Nota 48.3 - Activos no Efectivos'	,	482	,	1	,	1	,	null	,	0	);
Insert into IFRS_CATALOGO (ID_CATALOGO,RUT, NOMBRE,TITULO,ORDEN,VIGENCIA,ID_TIPO_CUADRO,IMPRESION_HORIZONTAL,VALIDAR_EEFF) VALUES (	113	,	99003000	,	'Nota 48.4'	,	'Nota 48.4 - Inventario de Inversiones'	,	483	,	1	,	1	,	null	,	0	);
Insert into IFRS_CATALOGO (ID_CATALOGO,RUT, NOMBRE,TITULO,ORDEN,VIGENCIA,ID_TIPO_CUADRO,IMPRESION_HORIZONTAL,VALIDAR_EEFF) VALUES (	114	,	99003000	,	'Nota 44.2'	,	'Nota 44.2 - Movimiento de Divisas por Concepto de Reaseguros'	,	441	,	1	,	1	,	null	,	0	);
Insert into IFRS_CATALOGO (ID_CATALOGO,RUT, NOMBRE,TITULO,ORDEN,VIGENCIA,ID_TIPO_CUADRO,IMPRESION_HORIZONTAL,VALIDAR_EEFF) VALUES (	115	,	99003000	,	'Nota 44.3'	,	'Nota 44.3 - Margen de Contribución de las Operaciones de Seguros en Moneda Extranjera'	,	442	,	1	,	1	,	null	,	0	);
Insert into IFRS_CATALOGO (ID_CATALOGO,RUT, NOMBRE,TITULO,ORDEN,VIGENCIA,ID_TIPO_CUADRO,IMPRESION_HORIZONTAL,VALIDAR_EEFF) VALUES (	116	,	99003000	,	'Nota 20'	,	'Nota 20 - Intangibles'	,	200	,	0	,	1	,	null	,	0	);
Insert into IFRS_CATALOGO (ID_CATALOGO,RUT, NOMBRE,TITULO,ORDEN,VIGENCIA,ID_TIPO_CUADRO,IMPRESION_HORIZONTAL,VALIDAR_EEFF) VALUES (	117	,	99003000	,	'Nota 21.2'	,	'Nota 21.2 - Activo por Impuestos Diferidos'	,	211	,	1	,	1	,	null	,	0	);
Insert into IFRS_CATALOGO (ID_CATALOGO,RUT, NOMBRE,TITULO,ORDEN,VIGENCIA,ID_TIPO_CUADRO,IMPRESION_HORIZONTAL,VALIDAR_EEFF) VALUES (	118	,	99003000	,	'Nota 23.2'	,	'Nota 23.2 - Pasivos Financieros a Costo Amortizado'	,	231	,	0	,	1	,	null	,	0	);
Insert into IFRS_CATALOGO (ID_CATALOGO,RUT, NOMBRE,TITULO,ORDEN,VIGENCIA,ID_TIPO_CUADRO,IMPRESION_HORIZONTAL,VALIDAR_EEFF) VALUES (	119	,	99003000	,	'Nota 40'	,	'Nota 40 - Impuesto a la Renta'	,	399	,	1	,	1	,	null	,	0	);
Insert into IFRS_CATALOGO (ID_CATALOGO,RUT, NOMBRE,TITULO,ORDEN,VIGENCIA,ID_TIPO_CUADRO,IMPRESION_HORIZONTAL,VALIDAR_EEFF) VALUES (	120	,	99003000	,	'Nota 46.1.2'	,	'Nota 46.1.2 - Información General Costo de Siniestros Últimos 3 Años'	,	461	,	1	,	1	,	null	,	0	);
Insert into IFRS_CATALOGO (ID_CATALOGO,RUT, NOMBRE,TITULO,ORDEN,VIGENCIA,ID_TIPO_CUADRO,IMPRESION_HORIZONTAL,VALIDAR_EEFF) VALUES (	121	,	99003000	,	'Nota 46.1.3'	,	'Nota 46.1.3 - Resumen'	,	462	,	1	,	1	,	null	,	0	);
Insert into IFRS_CATALOGO (ID_CATALOGO,RUT, NOMBRE,TITULO,ORDEN,VIGENCIA,ID_TIPO_CUADRO,IMPRESION_HORIZONTAL,VALIDAR_EEFF) VALUES (	122	,	99003000	,	'Nota 25.4.2'	,	'Nota 25.4.2 - Reservas de Invalidez y Sobrevivencia'	,	268	,	1	,	1	,	null	,	0	);
Insert into IFRS_CATALOGO (ID_CATALOGO,RUT, NOMBRE,TITULO,ORDEN,VIGENCIA,ID_TIPO_CUADRO,IMPRESION_HORIZONTAL,VALIDAR_EEFF) VALUES (	123	,	99003000	,	'Cuadro 6.01'	,	'6.01 - Cuadro Margen de Contribución'	,	1	,	1	,	2	,	null	,	0	);
Insert into IFRS_CATALOGO (ID_CATALOGO,RUT, NOMBRE,TITULO,ORDEN,VIGENCIA,ID_TIPO_CUADRO,IMPRESION_HORIZONTAL,VALIDAR_EEFF) VALUES (	124	,	99003000	,	'Nota 38.2'	,	'Nota 38.2 - Utilidad (Perdida) por Unidades Reajustables'	,	381	,	1	,	1	,	0	,	0	);
Insert into IFRS_CATALOGO (ID_CATALOGO,RUT, NOMBRE,TITULO,ORDEN,VIGENCIA,ID_TIPO_CUADRO,IMPRESION_HORIZONTAL,VALIDAR_EEFF) VALUES (	125	,	99003000	,	'Cuadro 6.01.02'	,	'6.01.02 - Cuadro Costo de Administración'	,	2	,	0	,	2	,	null	,	0	);
Insert into IFRS_CATALOGO (ID_CATALOGO,RUT, NOMBRE,TITULO,ORDEN,VIGENCIA,ID_TIPO_CUADRO,IMPRESION_HORIZONTAL,VALIDAR_EEFF) VALUES (	126	,	99003000	,	'Cuadro 6.02'	,	'6.02 - Cuadro de Apertura de reservas de Primas'	,	3	,	1	,	2	,	null	,	0	);
Insert into IFRS_CATALOGO (ID_CATALOGO,RUT, NOMBRE,TITULO,ORDEN,VIGENCIA,ID_TIPO_CUADRO,IMPRESION_HORIZONTAL,VALIDAR_EEFF) VALUES (	127	,	99003000	,	'Cuadro 6.03'	,	'6.03 - Cuadro Costo de Siniestros'	,	4	,	1	,	2	,	null	,	0	);
Insert into IFRS_CATALOGO (ID_CATALOGO,RUT, NOMBRE,TITULO,ORDEN,VIGENCIA,ID_TIPO_CUADRO,IMPRESION_HORIZONTAL,VALIDAR_EEFF) VALUES (	128	,	99003000	,	'Cuadro 6.04'	,	'6.04 - Cuadro Costo de Rentas'	,	5	,	1	,	2	,	null	,	0	);
Insert into IFRS_CATALOGO (ID_CATALOGO,RUT, NOMBRE,TITULO,ORDEN,VIGENCIA,ID_TIPO_CUADRO,IMPRESION_HORIZONTAL,VALIDAR_EEFF) VALUES (	129	,	99003000	,	'Cuadro 6.05'	,	'6.05 - Cuadro de Reservas'	,	6	,	1	,	2	,	null	,	0	);
Insert into IFRS_CATALOGO (ID_CATALOGO,RUT, NOMBRE,TITULO,ORDEN,VIGENCIA,ID_TIPO_CUADRO,IMPRESION_HORIZONTAL,VALIDAR_EEFF) VALUES (	130	,	99003000	,	'Cuadro 6.06'	,	'6.06 - Cuadro Seguros Previsionales'	,	7	,	0	,	2	,	null	,	0	);
Insert into IFRS_CATALOGO (ID_CATALOGO,RUT, NOMBRE,TITULO,ORDEN,VIGENCIA,ID_TIPO_CUADRO,IMPRESION_HORIZONTAL,VALIDAR_EEFF) VALUES (	131	,	99003000	,	'Cuadro 6.07'	,	'6.07 - Cuadro de Prima'	,	9	,	1	,	2	,	null	,	0	);
Insert into IFRS_CATALOGO (ID_CATALOGO,RUT, NOMBRE,TITULO,ORDEN,VIGENCIA,ID_TIPO_CUADRO,IMPRESION_HORIZONTAL,VALIDAR_EEFF) VALUES (	132	,	99003000	,	'Cuadro 6.08'	,	'6.08 - Cuadro de Datos'	,	10	,	1	,	2	,	null	,	0	);
Insert into IFRS_CATALOGO (ID_CATALOGO,RUT, NOMBRE,TITULO,ORDEN,VIGENCIA,ID_TIPO_CUADRO,IMPRESION_HORIZONTAL,VALIDAR_EEFF) VALUES (	133	,	99003000	,	'Cuadro 6.06'	,	'6.06 - Cuadro de Seguros Previsionales'	,	8	,	1	,	2	,	null	,	0	);
go
DBCC CHECKIDENT (IFRS_CATALOGO, RESEED, 133);
go
SET IDENTITY_INSERT IFRS_CATALOGO OFF;


Insert into IFRS_PERIODO (ID_PERIODO,ID_ESTADO_PERIODO) values (201303,0);



Insert into IFRS_PERIODO_EMPRESA (ID_PERIODO, ID_RUT, ID_ESTADO_PERIODO) Values (201303, 99003000, 0);



Insert into IFRS_ROL   (ID_ROL, NOMBRE_ROL) Values   ('IFRS_ROL_ADMINISTRADOR', 'ADMINISTRADOR');
Insert into IFRS_ROL   (ID_ROL, NOMBRE_ROL) Values   ('IFRS_ROL_SUPERVISOR', 'SUPERVISOR');
Insert into IFRS_ROL   (ID_ROL, NOMBRE_ROL) Values   ('IRFS_ROL_ENCARGADO', 'ENCARGADO');
Insert into IFRS_ROL   (ID_ROL, NOMBRE_ROL) Values   ('IFRS_ROL_RESPONSABLE', 'RESPONSABLE');
Insert into IFRS_ROL   (ID_ROL, NOMBRE_ROL) Values   ('IFRS_ROL_ROOT', 'SUPER ADMINISTRADOR');



Insert into IFRS_USUARIO (NOMBRE_USUARIO, PASSWORD, VIGENTE, FECHA_CREACION, FECHA_ACTUALIZACION, FECHA_ULTIMO_ACCESO, ID_ROL, CAMBIAR_PASSWORD)
 Values
   ('USUARIO.ADMINISTRADOR', 'Admin.2013', 1, convert(datetime,'02/15/2012',101), 
   convert(datetime,'02/15/2012',101), convert(datetime,'02/15/2012',101), 'IFRS_ROL_ADMINISTRADOR', 0);

   
   
Insert into IFRS_AREA_NEGOCIO   (ID_AREA_NEGOCIO, NOMBRE, ID_RUT, VIGENTE) Values   ('IND', 'INDIVIDUALES', 99003000, 1);
Insert into IFRS_AREA_NEGOCIO   (ID_AREA_NEGOCIO, NOMBRE, ID_RUT, VIGENTE) Values   ('COL', 'COLECTIVOS', 99003000, 1);
Insert into IFRS_AREA_NEGOCIO   (ID_AREA_NEGOCIO, NOMBRE, ID_RUT, VIGENTE) Values   ('RVT', 'RENTAS VITALICIAS', 99003000, 1);
Insert into IFRS_AREA_NEGOCIO   (ID_AREA_NEGOCIO, NOMBRE, ID_RUT, VIGENTE) Values   ('BOI', 'BACK OFFICE INV.', 99003000, 1);
Insert into IFRS_AREA_NEGOCIO   (ID_AREA_NEGOCIO, NOMBRE, ID_RUT, VIGENTE) Values   ('SIN', 'SINIESTROS', 99003000, 1);
Insert into IFRS_AREA_NEGOCIO   (ID_AREA_NEGOCIO, NOMBRE, ID_RUT, VIGENTE) Values   ('INM', 'INMOBILIARIA', 99003000, 1);
Insert into IFRS_AREA_NEGOCIO   (ID_AREA_NEGOCIO, NOMBRE, ID_RUT, VIGENTE) Values   ('CTB', 'CONTABILIDAD', 99003000, 1);
Insert into IFRS_AREA_NEGOCIO   (ID_AREA_NEGOCIO, NOMBRE, ID_RUT, VIGENTE) Values   ('REA', 'REASEGUROS', 99003000, 1);
Insert into IFRS_AREA_NEGOCIO   (ID_AREA_NEGOCIO, NOMBRE, ID_RUT, VIGENTE) Values   ('RTC', 'RESERVA TECNICA', 99003000, 1);
Insert into IFRS_AREA_NEGOCIO   (ID_AREA_NEGOCIO, NOMBRE, ID_RUT, VIGENTE) Values   ('RFN', 'RIESGO FINANCIERO', 99003000, 1);
Insert into IFRS_AREA_NEGOCIO   (ID_AREA_NEGOCIO, NOMBRE, ID_RUT, VIGENTE) Values   ('SAN', 'SIN AREA DE NEGOCIO', NULL, 1);
Insert into IFRS_AREA_NEGOCIO   (ID_AREA_NEGOCIO, NOMBRE, ID_RUT, VIGENTE) Values   ('TES', 'TESORERIA', 99003000, 1);
Insert into IFRS_AREA_NEGOCIO   (ID_AREA_NEGOCIO, NOMBRE, ID_RUT, VIGENTE) Values   ('RRH', 'RECURSOS HUMANOS', 99003000, 1);
Insert into IFRS_AREA_NEGOCIO   (ID_AREA_NEGOCIO, NOMBRE, ID_RUT, VIGENTE) Values   ('ROP', 'RIESGO OPERACIONAL', 99003000, 1);



Insert into IFRS_GRUPO   (ID_GRUPO_ACCESO, ID_AREA_NEGOCIO, NOMBRE, ACCESO_BLOQUEADO, VIGENTE) Values   ('GRP_QA', 'SAN', 'Quality Assurance', 0, 1);
Insert into IFRS_GRUPO   (ID_GRUPO_ACCESO, ID_AREA_NEGOCIO, NOMBRE, ACCESO_BLOQUEADO, VIGENTE) Values   ('GRP_SUP_IND', 'IND', 'Supervisor de Individuales', 0, 1);
Insert into IFRS_GRUPO   (ID_GRUPO_ACCESO, ID_AREA_NEGOCIO, NOMBRE, ACCESO_BLOQUEADO, VIGENTE) Values   ('GRP_ENC_IND', 'IND', 'Encargado Individuales', 0, 1);
Insert into IFRS_GRUPO   (ID_GRUPO_ACCESO, ID_AREA_NEGOCIO, NOMBRE, ACCESO_BLOQUEADO, VIGENTE) Values   ('GRP_SUP_COL', 'COL', 'Supervisor Colectivos', 0, 1);
Insert into IFRS_GRUPO   (ID_GRUPO_ACCESO, ID_AREA_NEGOCIO, NOMBRE, ACCESO_BLOQUEADO, VIGENTE) Values   ('GRP_ENC_COL', 'COL', 'Encargado Colectivos', 1, 1);
Insert into IFRS_GRUPO   (ID_GRUPO_ACCESO, ID_AREA_NEGOCIO, NOMBRE, ACCESO_BLOQUEADO, VIGENTE) Values   ('GRP_SUP_RVT', 'RVT', 'Supervisor Rentas Vitalicias', 0, 1);
Insert into IFRS_GRUPO   (ID_GRUPO_ACCESO, ID_AREA_NEGOCIO, NOMBRE, ACCESO_BLOQUEADO, VIGENTE) Values   ('GRP_ENC_RVT', 'RVT', 'Encargado Rentas Vitalicias', 0, 1);
Insert into IFRS_GRUPO   (ID_GRUPO_ACCESO, ID_AREA_NEGOCIO, NOMBRE, ACCESO_BLOQUEADO, VIGENTE) Values   ('GRP_SUP_BOI', 'BOI', 'Supervisor BackOffice Inv.', 1, 1);
Insert into IFRS_GRUPO   (ID_GRUPO_ACCESO, ID_AREA_NEGOCIO, NOMBRE, ACCESO_BLOQUEADO, VIGENTE) Values   ('GRP_ENC_BOI', 'BOI', 'Encargado BackOffice Inv.', 1, 1);
Insert into IFRS_GRUPO   (ID_GRUPO_ACCESO, ID_AREA_NEGOCIO, NOMBRE, ACCESO_BLOQUEADO, VIGENTE) Values   ('GRP_SUP_SIN', 'SIN', 'Supervisor Siniestros', 0, 1);
Insert into IFRS_GRUPO   (ID_GRUPO_ACCESO, ID_AREA_NEGOCIO, NOMBRE, ACCESO_BLOQUEADO, VIGENTE) Values   ('GRP_ENC_SIN', 'SIN', 'Encargado Siniestros', 0, 1);
Insert into IFRS_GRUPO   (ID_GRUPO_ACCESO, ID_AREA_NEGOCIO, NOMBRE, ACCESO_BLOQUEADO, VIGENTE) Values   ('GRP_SUP_INM', 'INM', 'Supervisor Inmobiliaria', 0, 1);
Insert into IFRS_GRUPO   (ID_GRUPO_ACCESO, ID_AREA_NEGOCIO, NOMBRE, ACCESO_BLOQUEADO, VIGENTE) Values   ('GRP_ENC_INM', 'INM', 'Encargado Inmobiliaria', 0, 1);
Insert into IFRS_GRUPO   (ID_GRUPO_ACCESO, ID_AREA_NEGOCIO, NOMBRE, ACCESO_BLOQUEADO, VIGENTE) Values   ('GRP_RES_CTB', 'CTB', 'Responsable Contabilidad', 0, 1);
Insert into IFRS_GRUPO   (ID_GRUPO_ACCESO, ID_AREA_NEGOCIO, NOMBRE, ACCESO_BLOQUEADO, VIGENTE) Values   ('GRP_SUP_CTB', 'CTB', 'Supervisor Contabilidad', 0, 1);
Insert into IFRS_GRUPO   (ID_GRUPO_ACCESO, ID_AREA_NEGOCIO, NOMBRE, ACCESO_BLOQUEADO, VIGENTE) Values   ('GRP_ENC_CTB', 'CTB', 'Encargado Contabilidad', 0, 1);
Insert into IFRS_GRUPO   (ID_GRUPO_ACCESO, ID_AREA_NEGOCIO, NOMBRE, ACCESO_BLOQUEADO, VIGENTE) Values   ('GRP_SUP_REA', 'REA', 'Supervisor Reaseguros', 0, 1);
Insert into IFRS_GRUPO   (ID_GRUPO_ACCESO, ID_AREA_NEGOCIO, NOMBRE, ACCESO_BLOQUEADO, VIGENTE) Values   ('GRP_ENC_REA', 'REA', 'Encargado Reaseguros', 0, 1);
Insert into IFRS_GRUPO   (ID_GRUPO_ACCESO, ID_AREA_NEGOCIO, NOMBRE, ACCESO_BLOQUEADO, VIGENTE) Values   ('GRP_SUP_RTC', 'RTC', 'Supervisor Reserva Técnica', 0, 1);
Insert into IFRS_GRUPO   (ID_GRUPO_ACCESO, ID_AREA_NEGOCIO, NOMBRE, ACCESO_BLOQUEADO, VIGENTE) Values   ('GRP_ENC_RTC', 'RTC', 'Encargado Reserva Técnica', 0, 1);
Insert into IFRS_GRUPO   (ID_GRUPO_ACCESO, ID_AREA_NEGOCIO, NOMBRE, ACCESO_BLOQUEADO, VIGENTE) Values   ('GRP_SUP_RFN', 'RFN', 'Supervisor Riesgo Financiero', 0, 1);
Insert into IFRS_GRUPO   (ID_GRUPO_ACCESO, ID_AREA_NEGOCIO, NOMBRE, ACCESO_BLOQUEADO, VIGENTE) Values   ('GRP_ENC_RFN', 'RFN', 'Encargado Riesgo Financiero', 0, 1);
Insert into IFRS_GRUPO   (ID_GRUPO_ACCESO, ID_AREA_NEGOCIO, NOMBRE, ACCESO_BLOQUEADO, VIGENTE) Values   ('GRP_ADMIN', 'SAN', 'Administrador', 1, 1);
Insert into IFRS_GRUPO   (ID_GRUPO_ACCESO, ID_AREA_NEGOCIO, NOMBRE, ACCESO_BLOQUEADO, VIGENTE) Values   ('GRP_ROOT', 'SAN', 'Root', 0, 1);
Insert into IFRS_GRUPO   (ID_GRUPO_ACCESO, ID_AREA_NEGOCIO, NOMBRE, ACCESO_BLOQUEADO, VIGENTE) Values   ('GRP_SUP_TES', 'TES', 'Supervisor Tesorería', 0, 1);
Insert into IFRS_GRUPO   (ID_GRUPO_ACCESO, ID_AREA_NEGOCIO, NOMBRE, ACCESO_BLOQUEADO, VIGENTE) Values   ('GRP_ENC_TES', 'TES', 'Encargado Tesorería', 0, 1);
Insert into IFRS_GRUPO   (ID_GRUPO_ACCESO, ID_AREA_NEGOCIO, NOMBRE, ACCESO_BLOQUEADO, VIGENTE) Values   ('GRP_SUP_RRH', 'RRH', 'Supervisor Recursos Humanos', 0, 1);
Insert into IFRS_GRUPO   (ID_GRUPO_ACCESO, ID_AREA_NEGOCIO, NOMBRE, ACCESO_BLOQUEADO, VIGENTE) Values   ('GRP_ENC_RRH', 'RRH', 'Encargado Recursos Humanos', 0, 1);
Insert into IFRS_GRUPO   (ID_GRUPO_ACCESO, ID_AREA_NEGOCIO, NOMBRE, ACCESO_BLOQUEADO, VIGENTE) Values   ('GRP_SUP_ROP', 'ROP', 'Supervisor Riesgo Operacional', 0, 1);
Insert into IFRS_GRUPO   (ID_GRUPO_ACCESO, ID_AREA_NEGOCIO, NOMBRE, ACCESO_BLOQUEADO, VIGENTE) Values   ('GRP_ENC_ROP ', 'ROP', 'Encargado Riesgo Operacional', 0, 1);
Insert into IFRS_GRUPO   (ID_GRUPO_ACCESO, ID_AREA_NEGOCIO, NOMBRE, ACCESO_BLOQUEADO, VIGENTE) Values   ('GRP_MEF', 'SAN', 'Encargado Mapeo EEFF', 0, 1);



Insert into IFRS_GRUPO_EMPRESA (ID_GRUPO_ACCESO, ID_RUT) Values   ('GRP_ADMIN', 99003000);



Insert into IFRS_CATALOGO_GRUPO (ID_CATALOGO,ID_GRUPO_ACCESO) values (	1	,	'GRP_ADMIN'	);
Insert into IFRS_CATALOGO_GRUPO (ID_CATALOGO,ID_GRUPO_ACCESO) values (	2	,	'GRP_ADMIN'	);
Insert into IFRS_CATALOGO_GRUPO (ID_CATALOGO,ID_GRUPO_ACCESO) values (	3	,	'GRP_ADMIN'	);
Insert into IFRS_CATALOGO_GRUPO (ID_CATALOGO,ID_GRUPO_ACCESO) values (	4	,	'GRP_ADMIN'	);
Insert into IFRS_CATALOGO_GRUPO (ID_CATALOGO,ID_GRUPO_ACCESO) values (	5	,	'GRP_ADMIN'	);
Insert into IFRS_CATALOGO_GRUPO (ID_CATALOGO,ID_GRUPO_ACCESO) values (	6	,	'GRP_ADMIN'	);
Insert into IFRS_CATALOGO_GRUPO (ID_CATALOGO,ID_GRUPO_ACCESO) values (	9	,	'GRP_ADMIN'	);
Insert into IFRS_CATALOGO_GRUPO (ID_CATALOGO,ID_GRUPO_ACCESO) values (	10	,	'GRP_ADMIN'	);
Insert into IFRS_CATALOGO_GRUPO (ID_CATALOGO,ID_GRUPO_ACCESO) values (	11	,	'GRP_ADMIN'	);
Insert into IFRS_CATALOGO_GRUPO (ID_CATALOGO,ID_GRUPO_ACCESO) values (	16	,	'GRP_ADMIN'	);
Insert into IFRS_CATALOGO_GRUPO (ID_CATALOGO,ID_GRUPO_ACCESO) values (	18	,	'GRP_ADMIN'	);
Insert into IFRS_CATALOGO_GRUPO (ID_CATALOGO,ID_GRUPO_ACCESO) values (	20	,	'GRP_ADMIN'	);
Insert into IFRS_CATALOGO_GRUPO (ID_CATALOGO,ID_GRUPO_ACCESO) values (	21	,	'GRP_ADMIN'	);
Insert into IFRS_CATALOGO_GRUPO (ID_CATALOGO,ID_GRUPO_ACCESO) values (	22	,	'GRP_ADMIN'	);
Insert into IFRS_CATALOGO_GRUPO (ID_CATALOGO,ID_GRUPO_ACCESO) values (	23	,	'GRP_ADMIN'	);
Insert into IFRS_CATALOGO_GRUPO (ID_CATALOGO,ID_GRUPO_ACCESO) values (	24	,	'GRP_ADMIN'	);
Insert into IFRS_CATALOGO_GRUPO (ID_CATALOGO,ID_GRUPO_ACCESO) values (	25	,	'GRP_ADMIN'	);
Insert into IFRS_CATALOGO_GRUPO (ID_CATALOGO,ID_GRUPO_ACCESO) values (	26	,	'GRP_ADMIN'	);
Insert into IFRS_CATALOGO_GRUPO (ID_CATALOGO,ID_GRUPO_ACCESO) values (	27	,	'GRP_ADMIN'	);
Insert into IFRS_CATALOGO_GRUPO (ID_CATALOGO,ID_GRUPO_ACCESO) values (	28	,	'GRP_ADMIN'	);
Insert into IFRS_CATALOGO_GRUPO (ID_CATALOGO,ID_GRUPO_ACCESO) values (	30	,	'GRP_ADMIN'	);
Insert into IFRS_CATALOGO_GRUPO (ID_CATALOGO,ID_GRUPO_ACCESO) values (	31	,	'GRP_ADMIN'	);
Insert into IFRS_CATALOGO_GRUPO (ID_CATALOGO,ID_GRUPO_ACCESO) values (	32	,	'GRP_ADMIN'	);
Insert into IFRS_CATALOGO_GRUPO (ID_CATALOGO,ID_GRUPO_ACCESO) values (	33	,	'GRP_ADMIN'	);
Insert into IFRS_CATALOGO_GRUPO (ID_CATALOGO,ID_GRUPO_ACCESO) values (	34	,	'GRP_ADMIN'	);
Insert into IFRS_CATALOGO_GRUPO (ID_CATALOGO,ID_GRUPO_ACCESO) values (	35	,	'GRP_ADMIN'	);
Insert into IFRS_CATALOGO_GRUPO (ID_CATALOGO,ID_GRUPO_ACCESO) values (	37	,	'GRP_ADMIN'	);
Insert into IFRS_CATALOGO_GRUPO (ID_CATALOGO,ID_GRUPO_ACCESO) values (	38	,	'GRP_ADMIN'	);
Insert into IFRS_CATALOGO_GRUPO (ID_CATALOGO,ID_GRUPO_ACCESO) values (	39	,	'GRP_ADMIN'	);
Insert into IFRS_CATALOGO_GRUPO (ID_CATALOGO,ID_GRUPO_ACCESO) values (	40	,	'GRP_ADMIN'	);
Insert into IFRS_CATALOGO_GRUPO (ID_CATALOGO,ID_GRUPO_ACCESO) values (	42	,	'GRP_ADMIN'	);
Insert into IFRS_CATALOGO_GRUPO (ID_CATALOGO,ID_GRUPO_ACCESO) values (	45	,	'GRP_ADMIN'	);
Insert into IFRS_CATALOGO_GRUPO (ID_CATALOGO,ID_GRUPO_ACCESO) values (	47	,	'GRP_ADMIN'	);
Insert into IFRS_CATALOGO_GRUPO (ID_CATALOGO,ID_GRUPO_ACCESO) values (	48	,	'GRP_ADMIN'	);
Insert into IFRS_CATALOGO_GRUPO (ID_CATALOGO,ID_GRUPO_ACCESO) values (	49	,	'GRP_ADMIN'	);
Insert into IFRS_CATALOGO_GRUPO (ID_CATALOGO,ID_GRUPO_ACCESO) values (	50	,	'GRP_ADMIN'	);
Insert into IFRS_CATALOGO_GRUPO (ID_CATALOGO,ID_GRUPO_ACCESO) values (	51	,	'GRP_ADMIN'	);
Insert into IFRS_CATALOGO_GRUPO (ID_CATALOGO,ID_GRUPO_ACCESO) values (	52	,	'GRP_ADMIN'	);
Insert into IFRS_CATALOGO_GRUPO (ID_CATALOGO,ID_GRUPO_ACCESO) values (	53	,	'GRP_ADMIN'	);
Insert into IFRS_CATALOGO_GRUPO (ID_CATALOGO,ID_GRUPO_ACCESO) values (	54	,	'GRP_ADMIN'	);
Insert into IFRS_CATALOGO_GRUPO (ID_CATALOGO,ID_GRUPO_ACCESO) values (	55	,	'GRP_ADMIN'	);
Insert into IFRS_CATALOGO_GRUPO (ID_CATALOGO,ID_GRUPO_ACCESO) values (	57	,	'GRP_ADMIN'	);
Insert into IFRS_CATALOGO_GRUPO (ID_CATALOGO,ID_GRUPO_ACCESO) values (	58	,	'GRP_ADMIN'	);
Insert into IFRS_CATALOGO_GRUPO (ID_CATALOGO,ID_GRUPO_ACCESO) values (	60	,	'GRP_ADMIN'	);
Insert into IFRS_CATALOGO_GRUPO (ID_CATALOGO,ID_GRUPO_ACCESO) values (	67	,	'GRP_ADMIN'	);
Insert into IFRS_CATALOGO_GRUPO (ID_CATALOGO,ID_GRUPO_ACCESO) values (	68	,	'GRP_ADMIN'	);
Insert into IFRS_CATALOGO_GRUPO (ID_CATALOGO,ID_GRUPO_ACCESO) values (	69	,	'GRP_ADMIN'	);
Insert into IFRS_CATALOGO_GRUPO (ID_CATALOGO,ID_GRUPO_ACCESO) values (	70	,	'GRP_ADMIN'	);
Insert into IFRS_CATALOGO_GRUPO (ID_CATALOGO,ID_GRUPO_ACCESO) values (	71	,	'GRP_ADMIN'	);
Insert into IFRS_CATALOGO_GRUPO (ID_CATALOGO,ID_GRUPO_ACCESO) values (	72	,	'GRP_ADMIN'	);
Insert into IFRS_CATALOGO_GRUPO (ID_CATALOGO,ID_GRUPO_ACCESO) values (	73	,	'GRP_ADMIN'	);
Insert into IFRS_CATALOGO_GRUPO (ID_CATALOGO,ID_GRUPO_ACCESO) values (	74	,	'GRP_ADMIN'	);
Insert into IFRS_CATALOGO_GRUPO (ID_CATALOGO,ID_GRUPO_ACCESO) values (	75	,	'GRP_ADMIN'	);
Insert into IFRS_CATALOGO_GRUPO (ID_CATALOGO,ID_GRUPO_ACCESO) values (	76	,	'GRP_ADMIN'	);
Insert into IFRS_CATALOGO_GRUPO (ID_CATALOGO,ID_GRUPO_ACCESO) values (	77	,	'GRP_ADMIN'	);
Insert into IFRS_CATALOGO_GRUPO (ID_CATALOGO,ID_GRUPO_ACCESO) values (	78	,	'GRP_ADMIN'	);
Insert into IFRS_CATALOGO_GRUPO (ID_CATALOGO,ID_GRUPO_ACCESO) values (	79	,	'GRP_ADMIN'	);
Insert into IFRS_CATALOGO_GRUPO (ID_CATALOGO,ID_GRUPO_ACCESO) values (	80	,	'GRP_ADMIN'	);
Insert into IFRS_CATALOGO_GRUPO (ID_CATALOGO,ID_GRUPO_ACCESO) values (	82	,	'GRP_ADMIN'	);
Insert into IFRS_CATALOGO_GRUPO (ID_CATALOGO,ID_GRUPO_ACCESO) values (	83	,	'GRP_ADMIN'	);
Insert into IFRS_CATALOGO_GRUPO (ID_CATALOGO,ID_GRUPO_ACCESO) values (	85	,	'GRP_ADMIN'	);
Insert into IFRS_CATALOGO_GRUPO (ID_CATALOGO,ID_GRUPO_ACCESO) values (	86	,	'GRP_ADMIN'	);
Insert into IFRS_CATALOGO_GRUPO (ID_CATALOGO,ID_GRUPO_ACCESO) values (	87	,	'GRP_ADMIN'	);
Insert into IFRS_CATALOGO_GRUPO (ID_CATALOGO,ID_GRUPO_ACCESO) values (	88	,	'GRP_ADMIN'	);
Insert into IFRS_CATALOGO_GRUPO (ID_CATALOGO,ID_GRUPO_ACCESO) values (	89	,	'GRP_ADMIN'	);
Insert into IFRS_CATALOGO_GRUPO (ID_CATALOGO,ID_GRUPO_ACCESO) values (	90	,	'GRP_ADMIN'	);
Insert into IFRS_CATALOGO_GRUPO (ID_CATALOGO,ID_GRUPO_ACCESO) values (	93	,	'GRP_ADMIN'	);
Insert into IFRS_CATALOGO_GRUPO (ID_CATALOGO,ID_GRUPO_ACCESO) values (	94	,	'GRP_ADMIN'	);
Insert into IFRS_CATALOGO_GRUPO (ID_CATALOGO,ID_GRUPO_ACCESO) values (	95	,	'GRP_ADMIN'	);
Insert into IFRS_CATALOGO_GRUPO (ID_CATALOGO,ID_GRUPO_ACCESO) values (	96	,	'GRP_ADMIN'	);
Insert into IFRS_CATALOGO_GRUPO (ID_CATALOGO,ID_GRUPO_ACCESO) values (	97	,	'GRP_ADMIN'	);
Insert into IFRS_CATALOGO_GRUPO (ID_CATALOGO,ID_GRUPO_ACCESO) values (	98	,	'GRP_ADMIN'	);
Insert into IFRS_CATALOGO_GRUPO (ID_CATALOGO,ID_GRUPO_ACCESO) values (	99	,	'GRP_ADMIN'	);
Insert into IFRS_CATALOGO_GRUPO (ID_CATALOGO,ID_GRUPO_ACCESO) values (	100	,	'GRP_ADMIN'	);
Insert into IFRS_CATALOGO_GRUPO (ID_CATALOGO,ID_GRUPO_ACCESO) values (	101	,	'GRP_ADMIN'	);
Insert into IFRS_CATALOGO_GRUPO (ID_CATALOGO,ID_GRUPO_ACCESO) values (	102	,	'GRP_ADMIN'	);
Insert into IFRS_CATALOGO_GRUPO (ID_CATALOGO,ID_GRUPO_ACCESO) values (	103	,	'GRP_ADMIN'	);
Insert into IFRS_CATALOGO_GRUPO (ID_CATALOGO,ID_GRUPO_ACCESO) values (	105	,	'GRP_ADMIN'	);
Insert into IFRS_CATALOGO_GRUPO (ID_CATALOGO,ID_GRUPO_ACCESO) values (	106	,	'GRP_ADMIN'	);
Insert into IFRS_CATALOGO_GRUPO (ID_CATALOGO,ID_GRUPO_ACCESO) values (	107	,	'GRP_ADMIN'	);
Insert into IFRS_CATALOGO_GRUPO (ID_CATALOGO,ID_GRUPO_ACCESO) values (	109	,	'GRP_ADMIN'	);
Insert into IFRS_CATALOGO_GRUPO (ID_CATALOGO,ID_GRUPO_ACCESO) values (	110	,	'GRP_ADMIN'	);
Insert into IFRS_CATALOGO_GRUPO (ID_CATALOGO,ID_GRUPO_ACCESO) values (	111	,	'GRP_ADMIN'	);
Insert into IFRS_CATALOGO_GRUPO (ID_CATALOGO,ID_GRUPO_ACCESO) values (	112	,	'GRP_ADMIN'	);
Insert into IFRS_CATALOGO_GRUPO (ID_CATALOGO,ID_GRUPO_ACCESO) values (	113	,	'GRP_ADMIN'	);
Insert into IFRS_CATALOGO_GRUPO (ID_CATALOGO,ID_GRUPO_ACCESO) values (	114	,	'GRP_ADMIN'	);
Insert into IFRS_CATALOGO_GRUPO (ID_CATALOGO,ID_GRUPO_ACCESO) values (	115	,	'GRP_ADMIN'	);
Insert into IFRS_CATALOGO_GRUPO (ID_CATALOGO,ID_GRUPO_ACCESO) values (	117	,	'GRP_ADMIN'	);
Insert into IFRS_CATALOGO_GRUPO (ID_CATALOGO,ID_GRUPO_ACCESO) values (	119	,	'GRP_ADMIN'	);
Insert into IFRS_CATALOGO_GRUPO (ID_CATALOGO,ID_GRUPO_ACCESO) values (	120	,	'GRP_ADMIN'	);
Insert into IFRS_CATALOGO_GRUPO (ID_CATALOGO,ID_GRUPO_ACCESO) values (	121	,	'GRP_ADMIN'	);
Insert into IFRS_CATALOGO_GRUPO (ID_CATALOGO,ID_GRUPO_ACCESO) values (	122	,	'GRP_ADMIN'	);
Insert into IFRS_CATALOGO_GRUPO (ID_CATALOGO,ID_GRUPO_ACCESO) values (	123	,	'GRP_ADMIN'	);
Insert into IFRS_CATALOGO_GRUPO (ID_CATALOGO,ID_GRUPO_ACCESO) values (	124	,	'GRP_ADMIN'	);
Insert into IFRS_CATALOGO_GRUPO (ID_CATALOGO,ID_GRUPO_ACCESO) values (	125	,	'GRP_ADMIN'	);
Insert into IFRS_CATALOGO_GRUPO (ID_CATALOGO,ID_GRUPO_ACCESO) values (	126	,	'GRP_ADMIN'	);
Insert into IFRS_CATALOGO_GRUPO (ID_CATALOGO,ID_GRUPO_ACCESO) values (	127	,	'GRP_ADMIN'	);
Insert into IFRS_CATALOGO_GRUPO (ID_CATALOGO,ID_GRUPO_ACCESO) values (	128	,	'GRP_ADMIN'	);
Insert into IFRS_CATALOGO_GRUPO (ID_CATALOGO,ID_GRUPO_ACCESO) values (	129	,	'GRP_ADMIN'	);
Insert into IFRS_CATALOGO_GRUPO (ID_CATALOGO,ID_GRUPO_ACCESO) values (	131	,	'GRP_ADMIN'	);
Insert into IFRS_CATALOGO_GRUPO (ID_CATALOGO,ID_GRUPO_ACCESO) values (	132	,	'GRP_ADMIN'	);
Insert into IFRS_CATALOGO_GRUPO (ID_CATALOGO,ID_GRUPO_ACCESO) values (	133	,	'GRP_ADMIN'	);


				

				
				
Insert into IFRS_MENU_GRUPO (ID_MENU,ID_GRUPO_ACCESO) values ('1','GRP_ADMIN');
Insert into IFRS_MENU_GRUPO (ID_MENU,ID_GRUPO_ACCESO) values ('1','GRP_ROOT');
Insert into IFRS_MENU_GRUPO (ID_MENU,ID_GRUPO_ACCESO) values ('2','GRP_ADMIN');
Insert into IFRS_MENU_GRUPO (ID_MENU,ID_GRUPO_ACCESO) values ('2','GRP_ROOT');
Insert into IFRS_MENU_GRUPO (ID_MENU,ID_GRUPO_ACCESO) values ('3','GRP_ADMIN');
Insert into IFRS_MENU_GRUPO (ID_MENU,ID_GRUPO_ACCESO) values ('3','GRP_ROOT');
Insert into IFRS_MENU_GRUPO (ID_MENU,ID_GRUPO_ACCESO) values ('4','GRP_ADMIN');
Insert into IFRS_MENU_GRUPO (ID_MENU,ID_GRUPO_ACCESO) values ('4','GRP_ROOT');
Insert into IFRS_MENU_GRUPO (ID_MENU,ID_GRUPO_ACCESO) values ('5','GRP_ADMIN');
Insert into IFRS_MENU_GRUPO (ID_MENU,ID_GRUPO_ACCESO) values ('5','GRP_ROOT');
Insert into IFRS_MENU_GRUPO (ID_MENU,ID_GRUPO_ACCESO) values ('6','GRP_ADMIN');
Insert into IFRS_MENU_GRUPO (ID_MENU,ID_GRUPO_ACCESO) values ('6','GRP_ROOT');
Insert into IFRS_MENU_GRUPO (ID_MENU,ID_GRUPO_ACCESO) values ('7','GRP_ADMIN');
Insert into IFRS_MENU_GRUPO (ID_MENU,ID_GRUPO_ACCESO) values ('7','GRP_ROOT');
Insert into IFRS_MENU_GRUPO (ID_MENU,ID_GRUPO_ACCESO) values ('8','GRP_ADMIN');
Insert into IFRS_MENU_GRUPO (ID_MENU,ID_GRUPO_ACCESO) values ('8','GRP_ROOT');
Insert into IFRS_MENU_GRUPO (ID_MENU,ID_GRUPO_ACCESO) values ('11','GRP_ADMIN');
Insert into IFRS_MENU_GRUPO (ID_MENU,ID_GRUPO_ACCESO) values ('11','GRP_ROOT');
Insert into IFRS_MENU_GRUPO (ID_MENU,ID_GRUPO_ACCESO) values ('12','GRP_ADMIN');
Insert into IFRS_MENU_GRUPO (ID_MENU,ID_GRUPO_ACCESO) values ('12','GRP_ROOT');
Insert into IFRS_MENU_GRUPO (ID_MENU,ID_GRUPO_ACCESO) values ('22','GRP_ADMIN');
Insert into IFRS_MENU_GRUPO (ID_MENU,ID_GRUPO_ACCESO) values ('22','GRP_ROOT');
Insert into IFRS_MENU_GRUPO (ID_MENU,ID_GRUPO_ACCESO) values ('23','GRP_ADMIN');
Insert into IFRS_MENU_GRUPO (ID_MENU,ID_GRUPO_ACCESO) values ('23','GRP_ROOT');
Insert into IFRS_MENU_GRUPO (ID_MENU,ID_GRUPO_ACCESO) values ('24','GRP_ADMIN');
Insert into IFRS_MENU_GRUPO (ID_MENU,ID_GRUPO_ACCESO) values ('24','GRP_ROOT');
Insert into IFRS_MENU_GRUPO (ID_MENU,ID_GRUPO_ACCESO) values ('25','GRP_ADMIN');
Insert into IFRS_MENU_GRUPO (ID_MENU,ID_GRUPO_ACCESO) values ('25','GRP_ROOT');
Insert into IFRS_MENU_GRUPO (ID_MENU,ID_GRUPO_ACCESO) values ('31','GRP_ADMIN');
Insert into IFRS_MENU_GRUPO (ID_MENU,ID_GRUPO_ACCESO) values ('31','GRP_ROOT');
Insert into IFRS_MENU_GRUPO (ID_MENU,ID_GRUPO_ACCESO) values ('32','GRP_ADMIN');
Insert into IFRS_MENU_GRUPO (ID_MENU,ID_GRUPO_ACCESO) values ('32','GRP_ROOT');
Insert into IFRS_MENU_GRUPO (ID_MENU,ID_GRUPO_ACCESO) values ('41','GRP_ADMIN');
Insert into IFRS_MENU_GRUPO (ID_MENU,ID_GRUPO_ACCESO) values ('41','GRP_ROOT');
Insert into IFRS_MENU_GRUPO (ID_MENU,ID_GRUPO_ACCESO) values ('42','GRP_ADMIN');
Insert into IFRS_MENU_GRUPO (ID_MENU,ID_GRUPO_ACCESO) values ('42','GRP_ROOT');
Insert into IFRS_MENU_GRUPO (ID_MENU,ID_GRUPO_ACCESO) values ('43','GRP_ADMIN');
Insert into IFRS_MENU_GRUPO (ID_MENU,ID_GRUPO_ACCESO) values ('43','GRP_ROOT');
Insert into IFRS_MENU_GRUPO (ID_MENU,ID_GRUPO_ACCESO) values ('44','GRP_ADMIN');
Insert into IFRS_MENU_GRUPO (ID_MENU,ID_GRUPO_ACCESO) values ('44','GRP_ROOT');
Insert into IFRS_MENU_GRUPO (ID_MENU,ID_GRUPO_ACCESO) values ('45','GRP_ADMIN');
Insert into IFRS_MENU_GRUPO (ID_MENU,ID_GRUPO_ACCESO) values ('45','GRP_ROOT');
Insert into IFRS_MENU_GRUPO (ID_MENU,ID_GRUPO_ACCESO) values ('46','GRP_ADMIN');
Insert into IFRS_MENU_GRUPO (ID_MENU,ID_GRUPO_ACCESO) values ('46','GRP_ROOT');
Insert into IFRS_MENU_GRUPO (ID_MENU,ID_GRUPO_ACCESO) values ('51','GRP_ADMIN');
Insert into IFRS_MENU_GRUPO (ID_MENU,ID_GRUPO_ACCESO) values ('51','GRP_ROOT');
Insert into IFRS_MENU_GRUPO (ID_MENU,ID_GRUPO_ACCESO) values ('52','GRP_ADMIN');
Insert into IFRS_MENU_GRUPO (ID_MENU,ID_GRUPO_ACCESO) values ('52','GRP_ROOT');
Insert into IFRS_MENU_GRUPO (ID_MENU,ID_GRUPO_ACCESO) values ('61','GRP_ADMIN');
Insert into IFRS_MENU_GRUPO (ID_MENU,ID_GRUPO_ACCESO) values ('61','GRP_ROOT');
Insert into IFRS_MENU_GRUPO (ID_MENU,ID_GRUPO_ACCESO) values ('62','GRP_ADMIN');
Insert into IFRS_MENU_GRUPO (ID_MENU,ID_GRUPO_ACCESO) values ('62','GRP_ROOT');
Insert into IFRS_MENU_GRUPO (ID_MENU,ID_GRUPO_ACCESO) values ('63','GRP_ADMIN');
Insert into IFRS_MENU_GRUPO (ID_MENU,ID_GRUPO_ACCESO) values ('63','GRP_ROOT');
Insert into IFRS_MENU_GRUPO (ID_MENU,ID_GRUPO_ACCESO) values ('71','GRP_ADMIN');
Insert into IFRS_MENU_GRUPO (ID_MENU,ID_GRUPO_ACCESO) values ('71','GRP_ROOT');
Insert into IFRS_MENU_GRUPO (ID_MENU,ID_GRUPO_ACCESO) values ('72','GRP_ADMIN');
Insert into IFRS_MENU_GRUPO (ID_MENU,ID_GRUPO_ACCESO) values ('72','GRP_ROOT');
Insert into IFRS_MENU_GRUPO (ID_MENU,ID_GRUPO_ACCESO) values ('81','GRP_ADMIN');
Insert into IFRS_MENU_GRUPO (ID_MENU,ID_GRUPO_ACCESO) values ('81','GRP_ROOT');



Insert into IFRS_USUARIO_GRUPO (NOMBRE_USUARIO,ID_GRUPO_ACCESO) values ('USUARIO.ADMINISTRADOR','GRP_ADMIN');

